school_name,school_type,gu,dong,address,address_detail,founded
가락고등학교,고등학교,송파구,송파동,서울특별시 송파구 송이로 42,(송파동/가락고등학교),19881223
가락중학교,중학교,송파구,송파동,서울특별시 송파구 송이로 45,(송파동/가락중학교),19860129
가산중학교,중학교,금천구,독산동,서울특별시 금천구 시흥대로115길 48,(독산동),19700810
가원중학교,중학교,송파구,가락동,서울특별시 송파구 중대로10길 40-18,(가락동/가원중학교),19881224
가재울고등학교,고등학교,서대문구,북가좌동,서울특별시 서대문구 수색로 100-35,(북가좌동),20130301
가재울중학교,중학교,서대문구,북가좌동,서울특별시 서대문구 수색로 100-75,(북가좌동/ 가재울중학교),20130301
강남중학교,중학교,동작구,대방동,서울특별시 동작구 대방동15길 29,(대방동/ 강남중학교),19590403
강동고등학교,고등학교,강동구,상일동,서울특별시 강동구 구천면로 572,(상일동),19841217
강동중학교,중학교,강동구,강일동,서울특별시 강동구 풍산로 237,/ 강동중학교 (강일동),20100301
강명중학교,중학교,강동구,강일동,서울특별시 강동구 상일로12길 56,(강일동/ 강명중학교),20120301
강북중학교,중학교,강북구,수유동,서울특별시 강북구 한천로150길 67,(수유동/ 강북중학교),19801227
강빛중학교,중학교,강동구,강일동,서울특별시 강동구 아리수로93다길 1,"(강일동, 강빛초중통합학교)",20210301
강서고등학교,고등학교,양천구,목동,서울특별시 양천구 목동중앙남로 27,/ 강서고등학교 (목동),19831101
강신중학교,중학교,양천구,신월동,서울특별시 양천구 남부순환로 604,(신월동/강신중학교),19881224
강일고등학교,고등학교,강동구,강일동,서울특별시 강동구 아리수로98길 40,(강일동),20100301
강일중학교,중학교,강동구,암사동,서울특별시 강동구 고덕로27길 12,(암사동414-17),19821209
강현중학교,중학교,동작구,상도동,서울특별시 동작구 상도로13라길 22,/ 강현중학교 (상도동),19680806
개봉중학교,중학교,구로구,개봉동,서울특별시 구로구 고척로21나길 68,(개봉동),19840504
개운중학교,중학교,성북구,돈암동,서울특별시 성북구 북악산로 935,(돈암동/개운중학교),20060301
개웅중학교,중학교,구로구,개봉동,서울특별시 구로구 개봉로11길 81,/ 개웅중학교 (개봉동/개웅중학교),19870212
개원중학교,중학교,강남구,개포동,서울특별시 강남구 영동대로 101,/ 개원중학교 (개포동/개원중학교),19841204
개포고등학교,고등학교,강남구,개포동,서울특별시 강남구 개포로 402,(개포동/ 개포고등학교),19870512
개포중학교,중학교,강남구,개포동,서울특별시 강남구 선릉로 9,(개포동/개포중학교),19821209
거원중학교,중학교,송파구,거여동,서울특별시 송파구 양산로2길 30,(거여동/거원중학교),19971220
건국대학교사범대학부속고등학교,고등학교,광진구,화양동,서울특별시 광진구 능동로 120,/ 건국대학교사범대학부속고등학교 (화양동),19800131
건국대학교사범대학부속중학교,중학교,광진구,,서울특별시 광진구 자양로 145-1,건국대학교사범대학부속중학교,19671230
경기고등학교,고등학교,강남구,삼성동,서울특별시 강남구 영동대로 643,/ 경기고등학교 (삼성동),19001003
경기기계공업고등학교,고등학교,노원구,하계동,서울특별시 노원구 공릉로 264,(하계동),19570215
경기기계공업고등학교부설미래기술교육센터,공동실습소,노원구,하계동,서울특별시 노원구 공릉로 264,(하계동/ 경기기계공업고등학교),19820601
경기상업고등학교,고등학교,종로구,청운동,서울특별시 종로구 자하문로 136,(청운동),19230206
경기여자고등학교,고등학교,강남구,개포동,서울특별시 강남구 삼성로 29,/ 경기여자고등학교 (개포동),19080401
경기여자고등학교부설방송통신고등학교,방송통신고등학교,강남구,개포동,서울특별시 강남구 삼성로 29,(개포동/경기여자고등학교),19740301
경기초등학교,초등학교,서대문구,,서울특별시 서대문구 경기대로9길 10,(충정로2가/경기초등학교),19641203
경동고등학교,고등학교,성북구,삼선동,서울특별시 성북구 보문로29길 49,(삼선동3가/ 경동고등학교),19400416
경동고등학교부설방송통신고등학교,방송통신고등학교,성북구,삼선동,서울특별시 성북구 보문로29길 49,(삼선동3가/ 경동고등학교),19741231
경문고등학교,고등학교,동작구,동작동,서울특별시 동작구 동작대로 171,/ 경문고등학교 (동작동),19800124
경복고등학교,고등학교,종로구,청운동,서울특별시 종로구 자하문로28가길 9,/ 경복고등학교 (청운동/경복고등학교),19210502
경복고등학교부설방송통신고등학교,방송통신고등학교,종로구,청운동,서울특별시 종로구 자하문로28가길 9,(청운동),19740323
경복비즈니스고등학교,고등학교,강서구,등촌동,서울특별시 강서구 화곡로 379,(등촌동),19721002
경복여자고등학교,고등학교,강서구,등촌동,서울특별시 강서구 화곡로63길 40,/ 경복여자고등학교 (등촌동),19931002
경복초등학교,초등학교,광진구,능동,서울특별시 광진구 천호대로130길 58,/ 경복초등학교 (능동),19650302
경서중학교,중학교,강서구,가양동,서울특별시 강서구 양천로59길 31,(가양동),19500901
경성고등학교,고등학교,마포구,연남동,서울특별시 마포구 성미산로 111,/ 경성고등학교 (연남동),19671229
경성중학교,중학교,마포구,연남동,서울특별시 마포구 성미산로 111,/ 경성중학교 (연남동/경성중고등학교),19670902
경수중학교,중학교,성동구,성수동,서울특별시 성동구 뚝섬로13길 14,(성수동2가),19801227
경신고등학교,고등학교,종로구,혜화동,서울특별시 종로구 혜화로 74,(혜화동/경신중고등학교),18850509
경신중학교,중학교,종로구,혜화동,서울특별시 종로구 혜화로 74,(혜화동/경신중고등학교),18850509
경원중학교,중학교,서초구,잠원동,서울특별시 서초구 신반포로33길 39,(잠원동/경원중학교),19810301
경인고등학교,고등학교,구로구,고척동,서울특별시 구로구 경인로46길 31,/ 경인고등학교 (고척동),20020301
경인중학교,중학교,구로구,개봉동,서울특별시 구로구 경인로 301,(개봉동),19691111
경일고등학교,고등학교,성동구,성수동,서울특별시 성동구 성수일로 27,/ 경일고등학교 (성수동1가),20040506
경일중학교,중학교,성동구,성수동,서울특별시 성동구 성수일로 27,(성수동1가),20031230
경희고등학교,고등학교,동대문구,회기동,서울특별시 동대문구 경희대로 26,(회기동/ 경희고등학교),19591212
경희여자고등학교,고등학교,동대문구,,서울특별시 동대문구 경희대로 26,경희여자고등학교,19600209
경희여자중학교,중학교,동대문구,회기동,서울특별시 동대문구 경희대로 26,(회기동),19600209
경희중학교,중학교,동대문구,회기동,서울특별시 동대문구 경희대로 26,/ 경희중학교 (회기동),19591212
경희초등학교,초등학교,동대문구,회기동,서울특별시 동대문구 경희대로 26,/ 경희초등학교 (회기동/ 경희대학교),19610331
계성고등학교,고등학교,성북구,길음동,서울특별시 성북구 길음로 63,/ 계성고등학교 (길음동),19440908
계성초등학교,초등학교,서초구,반포동,서울특별시 서초구 신반포로19길 23,/ 계성초등학교 (반포동),18820908
고덕중학교,중학교,강동구,고덕동,서울특별시 강동구 동남로82길 94,(고덕동),19841130
고려대학교사범대학부속고등학교,고등학교,성북구,정릉동,서울특별시 성북구 정릉로 161,/ 고려대학교사범대학부속고등학교 (정릉동),19680311
고려대학교사범대학부속중학교,중학교,성북구,정릉동,서울특별시 성북구 정릉로 161,(정릉동/고려대학교사범대학부속중학교),19680311
고명외식고등학교,고등학교,성북구,돈암동,서울특별시 성북구 북악산로 870,(돈암동),19560221
고명중학교,중학교,성북구,돈암동,서울특별시 성북구 북악산로 870,(돈암동/고명중학교),19550315
고척고등학교,고등학교,구로구,고척동,서울특별시 구로구 중앙로15길 162,/ 고척고등학교 (고척동/ 고척고등학교),19841215
고척중학교,중학교,구로구,고척동,서울특별시 구로구 중앙로3길 20,/ 고척중학교 (고척동),19841208
공릉중학교,중학교,노원구,공릉동,서울특별시 노원구 노원로1길 42,(공릉동/공릉중학교),19841208
공항고등학교,고등학교,강서구,마곡동,서울특별시 강서구 방화대로34길 43,(마곡동/ 공항고등학교),19821130
공항중학교,중학교,강서구,공항동,서울특별시 강서구 방화대로 241,(공항동/공항중학교),19550428
관악고등학교,고등학교,영등포구,양평동,서울특별시 영등포구 영등포로6길 26,(양평동2가),19550427
관악중학교,중학교,관악구,봉천동,서울특별시 관악구 남부순환로237길 60,/ 관악중학교 (봉천동),19810225
광남고등학교,고등학교,광진구,광장동,서울특별시 광진구 아차산로70길 17-16,/ 광남고등학교 (광장동/ 광남고등학교),19860125
광남중학교,중학교,광진구,광장동,서울특별시 광진구 아차산로70길 17-62,/ 광남중학교 (광장동),19930116
광문고등학교,고등학교,강동구,고덕동,서울특별시 강동구 동남로 968,/ 광문고등학교 (고덕동),19851105
광성고등학교,고등학교,마포구,신수동,서울특별시 마포구 신수로8길 20,(신수동),18940406
광성중학교,중학교,,신수동,서울 마포구 신수로8길 20,(신수동/광성중고등학교),18940406
광성하늘빛학교,특수학교,송파구,풍납동,서울특별시 송파구 올림픽로 625,/ 광성하늘빛학교 (풍납동/광성교회),19991108
광신고등학교,고등학교,관악구,신림동,서울특별시 관악구 광신길 141,(신림동/광신중고등학교),19870120
광신방송예술고등학교,고등학교,관악구,신림동,서울특별시 관악구 광신길 141,(신림동/ 광신방송예술고등학교),19051010
광신중학교,중학교,관악구,신림동,서울특별시 관악구 광신길 141,/ 광신중학교 (신림동),19511010
광양고등학교,고등학교,광진구,자양동,서울특별시 광진구 자양로3가길 31,(자양동),19861215
광양중학교,중학교,광진구,자양동,서울특별시 광진구 자양로3길 7,(자양동),19860129
광영고등학교,고등학교,양천구,신월동,서울특별시 양천구 남부순환로30길 17,(신월동/광영고등학교),19850201
광영여자고등학교,고등학교,양천구,신월동,서울특별시 양천구 남부순환로30길 17,/ 광영여자고등학교 (신월동),19841217
광운인공지능고등학교,고등학교,노원구,월계동,서울특별시 노원구 광운로1길 24,(월계동/광운중학교/전자공업고등학교),19340520
광운중학교,중학교,노원구,월계동,서울특별시 노원구 광운로1길 24,(월계동/광운중학교),19641207
광운초등학교,초등학교,성북구,장위동,서울특별시 성북구 한천로 694,/ 광운초등학교 (장위동/ 광운초등학교),19651025
광장중학교,중학교,광진구,광장동,서울특별시 광진구 광장로1길 1,/ 광장중학교 (광장동),19821209
광진중학교,중학교,광진구,자양동,서울특별시 광진구 뚝섬로64길 45,(자양동/광진중학교),19790901
광희중학교,중학교,성동구,응봉동,서울특별시 성동구 독서당로62길 46,/ 광희중학교 (응봉동),19370521
교남학교,특수학교,강서구,화곡동,서울특별시 강서구 까치산로22길 38,/ 교남학교 (화곡동),19830125
구로고등학교,고등학교,구로구,구로동,서울특별시 구로구 가마산로27길 45,/ 구로고등학교 (구로동),19811231
구로중학교,중학교,구로구,구로동,서울특별시 구로구 구로중앙로 48,(구로동),19780105
구룡중학교,중학교,강남구,개포동,서울특별시 강남구 선릉로 103,"(개포동,구룡중학교)",19881224
구산중학교,중학교,은평구,구산동,서울특별시 은평구 갈현로15길 20-23,(구산동/구산중학교),19811209
구암고등학교,고등학교,관악구,봉천동,서울특별시 관악구 성현로 57,(봉천동/구암고등학교),20120301
구암중학교,중학교,관악구,봉천동,서울특별시 관악구 성현로 53,(봉천동),20040301
구의중학교,중학교,광진구,화양동,서울특별시 광진구 광나루로30길 80,(화양동),19840430
구일고등학교,고등학교,구로구,구로동,서울특별시 구로구 구일로 90-51,(구로동),19900120
구일중학교,중학교,구로구,구로동,서울특별시 구로구 구일로 90-133,(구로동),19900120
구현고등학교,고등학교,구로구,구로동,서울특별시 구로구 경인로53가길 17,(구로동),20080301
국립국악고등학교,고등학교,강남구,개포동,서울특별시 강남구 개포로22길 65,(개포동/ 국악고등학교),19550401
국립국악중학교,각종학교(중),강남구,개포동,서울특별시 강남구 개포로22길 65,/ 국립국악중고등학교 (개포동),19550401
국립전통예술고등학교,고등학교,금천구,시흥동,서울특별시 금천구 시흥대로38길 62,(시흥동),19600513
국립전통예술중학교,각종학교(중),금천구,시흥동,서울특별시 금천구 시흥대로38길 62,(시흥동),19600310
국사봉중학교,중학교,동작구,상도동,서울특별시 동작구 양녕로20길 20,/ 국사봉중학교 (상도동),19860119
금성초등학교,초등학교,중랑구,신내동,서울특별시 중랑구 신내로21길 55,/ 금성초등학교 (신내동),19650607
금옥여자고등학교,고등학교,양천구,신정동,서울특별시 양천구 신정로 213,(신정동),19810115
금옥중학교,중학교,양천구,신정동,서울특별시 양천구 신정로 213,/ 금옥중학교 (신정동),19810301
금천고등학교,고등학교,금천구,시흥동,서울특별시 금천구 시흥대로38길 26,(시흥동/금천고등학교),19831208
금천문화예술정보학교,각종학교(고),금천구,독산동,서울특별시 금천구 남부순환로126길 25,/ 금천문화예술정보학교 (독산동),20170301
금호고등학교,고등학교,성동구,금호동,서울특별시 성동구 금호로 118,(금호동1가),20170301
금호중학교,중학교,중구,신당동,서울특별시 중구 청구로 6,", 금호중학교 (신당동)",19680806
길음중학교,중학교,성북구,길음동,서울특별시 성북구 길음로 144 ,/ 길음중학교 (길음동),20120301
꿈타래학교,각종학교(고),관악구,신림동,서울특별시 관악구 신림로 67,(신림동/서울산업정보학교),20030118
난곡중학교,중학교,금천구,독산동,서울특별시 금천구 문성로 67,(독산동),19800124
난우중학교,중학교,관악구,신림동,서울특별시 관악구 난곡로16길 32,/ 난우중학교 (신림동),19840423
남강고등학교,고등학교,관악구,신림동,서울특별시 관악구 난곡로34길 80,(신림동),19721229
남강중학교,중학교,관악구,신림동,서울특별시 관악구 난곡로34길 80,(신림동/남강중고등학교),19710130
남대문중학교,중학교,성북구,장위동,서울특별시 성북구 한천로 660-30,(장위동/ 남대문중학교),19340520
남서울중학교,중학교,관악구,신림동,서울특별시 관악구 남부순환로172길 97,/ 남서울중학교 (신림동),19641112
남성중학교,중학교,동작구,사당동,서울특별시 동작구 남부순환로269길 166,(사당동/남성중학교),19821209
내곡중학교,중학교,서초구,신원동,서울특별시 서초구 청계산로7길 9-20,(신원동),20180208
노곡중학교,중학교,도봉구,창동,서울특별시 도봉구 노해로70길 95,(창동/노곡중학교),19881219
노원고등학교,고등학교,노원구,상계동,서울특별시 노원구 노원로 586,(상계동),19881223
노원중학교,중학교,노원구,상계동,서울특별시 노원구 동일로213길 26,(상계동/노원중학교),19881224
노일중학교,중학교,노원구,상계동,서울특별시 노원구 동일로231길 24,/ 노일중학교 (상계동),19950301
녹천중학교,중학교,노원구,월계동,서울특별시 노원구 월계로 376,(월계동),19950110
누리학교,특수학교,동작구,대방동,서울특별시 동작구 상도로 53,/ 누리학교 (대방동),19980429
누원고등학교,고등학교,도봉구,도봉동,서울특별시 도봉구 마들로 849,/ 누원고등학교 (도봉동),20030106
다니엘학교,특수학교,서초구,내곡동,서울특별시 서초구 헌릉로468길 21-16,(내곡동/다니엘학교),19741213
단국대학교부속소프트웨어고등학교,고등학교,강남구,대치동,서울특별시 강남구 도곡로64길 21,(대치동 1013),19410525
단국대학교사범대학부속고등학교,고등학교,강남구,대치동,서울특별시 강남구 도곡로64길 21,(대치동),19831226
단국대학교사범대학부속중학교,중학교,강남구,대치동,서울특별시 강남구 도곡로64길 21,(대치동),19410525
당곡고등학교,고등학교,관악구,봉천동,서울특별시 관악구 봉천로21길 108,/ 당곡고등학교 (봉천동),19831226
당곡중학교,중학교,관악구,봉천동,서울특별시 관악구 봉천로13길 101,/ 당곡중학교 (봉천동),19821209
당산서중학교,중학교,영등포구,당산동,서울특별시 영등포구 당산로41길 12,(당산동5가/당산서중학교),19821209
당산중학교,중학교,영등포구,당산동,서울특별시 영등포구 버드나루로 160,(당산동),19680806
대경생활과학고등학교,고등학교,중구,신당동,서울특별시 중구 매봉18길 111,(신당동),19560228
대경중학교,중학교,중구,신당동,서울특별시 중구 매봉18길 111,(신당동),19560228
대광고등학교,고등학교,동대문구,신설동,서울특별시 동대문구 안암로 6,/ 대광고등학교 (신설동),19471125
대광중학교,중학교,동대문구,신설동,서울특별시 동대문구 안암로 6,(신설동),19471125
대광초등학교,초등학교,성북구,보문동,서울특별시 성북구 안암로 5,(보문동7가/대광초등학교),19651201
대동세무고등학교,고등학교,종로구,계동,서울특별시 종로구 계동길 84-10,(계동),19250418
대림중학교,중학교,영등포구,대림동,서울특별시 영등포구 시흥대로185길 6,(대림동/대림중학교),19840109
대명중학교,중학교,강남구,대치동,서울특별시 강남구 역삼로87길 26,(대치동/ 대명중학교),19900120
대방중학교,중학교,동작구,신대방동,서울특별시 동작구 여의대방로10길 24,(신대방동/ 대방중학교),19720901
대성고등학교,고등학교,은평구,갈현동,서울특별시 은평구 갈현로29길 51-24,/ 대성고등학교 (갈현동),19690109
대성중학교,중학교,은평구,갈현동,서울특별시 은평구 갈현로29길 51-24,/ 대성중학교 (갈현동),19690115
대신고등학교,고등학교,종로구,행촌동,서울특별시 종로구 사직로 9,(행촌동),19380405
대신중학교,중학교,종로구,행촌동,서울특별시 종로구 사직로 9,(행촌동),19380405
대영고등학교,고등학교,영등포구,신길동,서울특별시 영등포구 도림로86길 16,(신길동/ 대영고등학교),19871215
대영중학교,중학교,영등포구,신길동,서울특별시 영등포구 도림로80가길 14,(신길동/대영중학교),19880202
대왕중학교,중학교,강남구,수서동,서울특별시 강남구 광평로20길 7,(수서동/ 대왕중학교),19940105
대원고등학교,고등학교,광진구,중곡동,서울특별시 광진구 용마산로22길 26,/ 대원고등학교 (중곡동),19770520
대원국제중학교,중학교,광진구,중곡동,서울특별시 광진구 용마산로22길 26,/ 대원국제중학교 (중곡동),19770520
대원여자고등학교,고등학교,광진구,중곡동,서울특별시 광진구 용마산로22길 26,(중곡동),19821013
대원외국어고등학교,고등학교,광진구,중곡동,서울특별시 광진구 용마산로22길 26,(중곡동),19831007
대일고등학교,고등학교,강서구,등촌동,서울특별시 강서구 등촌로 105,(등촌동),19720926
대일관광고등학교,고등학교,양천구,신정동,서울특별시 양천구 신정이펜1로 11,/ 대일관광고등학교 (신정동/ 대일관광고등학교),19800926
대일외국어고등학교,고등학교,성북구,정릉동,서울특별시 성북구 서경로 116,(정릉동/대일외국어고등학교),19840304
대진고등학교,고등학교,노원구,하계동,서울특별시 노원구 공릉로62가길 47,/ 대진고등학교 (하계동),19840613
대진디자인고등학교,고등학교,강남구,수서동,서울특별시 강남구 광평로39길 93,(수서동/대진디자인고등학교),19940325
대진여자고등학교,고등학교,노원구,중계동,서울특별시 노원구 공릉로 438,/ 대진여자고등학교 (중계동),19880212
대청중학교,중학교,강남구,대치동,서울특별시 강남구 양재천로 321,(대치동/ 대청중학교),19870506
대치중학교,중학교,강남구,도곡동,서울특별시 강남구 남부순환로378길 39,(도곡동/대치중학교),19860129
덕산중학교,중학교,은평구,신사동,서울특별시 은평구 가좌로 400,(신사동),19880202
덕성여자고등학교,고등학교,종로구,안국동,서울특별시 종로구 율곡로3길 50,/ 덕성여자고등학교 (안국동),19200419
덕성여자중학교,중학교,종로구,송현동,서울특별시 종로구 율곡로3길 49,(송현동),19200419
덕수고등학교,고등학교,송파구,거여동,서울특별시 송파구 위례북로 10,"(거여동, 덕수고등학교)",19100413
덕수중학교,중학교,,인현동,서울 중구 마른내로9길 10,(인현동2가/덕수중학교),19100413
덕원여자고등학교,고등학교,강서구,내발산동,서울특별시 강서구 강서로45길 91-44,(내발산동/덕원여자고등학교),19780429
덕원예술고등학교,고등학교,강서구,내발산동,서울특별시 강서구 강서로45길 91-44,/ 덕원예술고등학교 (내발산동),19911107
덕원중학교,중학교,강서구,내발산동,서울특별시 강서구 강서로45길 91-44,(내발산동/덕원중학교),19780429
덕일전자공업고등학교,고등학교,구로구,오류동,서울특별시 구로구 서해안로21길 5-12,(오류동),19941005
덜위치칼리지서울영국학교,외국인학교,서초구,반포동,서울특별시 서초구 신반포로15길 6,(반포동),20101020
도곡중학교,중학교,강남구,도곡동,서울특별시 강남구 언주로57길 31,(도곡동/도곡중학교),19910121
도봉중학교,중학교,도봉구,도봉동,서울특별시 도봉구 마들로 671,(도봉동/도봉중학교),19710901
도선고등학교,고등학교,성동구,하왕십리동,서울특별시 성동구 마장로 156,(하왕십리동),20170301
독산고등학교,고등학교,금천구,독산동,서울특별시 금천구 문성로 64,/ 독산고등학교 (독산동),20011231
동광초등학교,초등학교,금천구,시흥동,서울특별시 금천구 탑골로10길 45,/ 동광초등학교 (시흥동),20010301
동구여자중학교,중학교,성북구,성북동,서울특별시 성북구 성북로8길 71,(성북동/동구여자중학교),19420617
동국대학교사범대학부속가람고등학교,고등학교,광진구,,서울특별시 광진구 광나루로36길 47,동국대학교사범대학부속가람고등학교,19300620
동국대학교사범대학부속가람중학교,중학교,광진구,구의동,서울특별시 광진구 광나루로36길 47,", 동국대학교사범대학부속가람중학교 (구의동)",19300620
동국대학교사범대학부속고등학교,고등학교,동대문구,장안동,서울특별시 동대문구 장안벚꽃로 201,(장안동/동국대학교사범대학부속고등학교),19470624
동국대학교사범대학부속중학교,중학교,동대문구,장안동,서울특별시 동대문구 장안벚꽃로 201,(장안동),19470624
동대문중학교,중학교,동대문구,전농동,서울특별시 동대문구 사가정로 59,/ 동대문중학교 (전농동),19630123
동덕여자고등학교,고등학교,서초구,방배동,서울특별시 서초구 효령로2길 123-5,/ 동덕여자고등학교 (방배동),19100428
동덕여자중학교,중학교,서초구,방배동,서울특별시 서초구 효령로2길 123-5,(방배동/동덕여자중고등학교),19080427
동도중학교,중학교,마포구,,서울특별시 마포구 백범로 139,동도중학교,19550409
동마중학교,중학교,성동구,마장동,서울특별시 성동구 마조로11길 18,(마장동),19841208
동명생활경영고등학교,고등학교,은평구,대조동,서울특별시 은평구 통일로 793,(대조동),19210603
동명여자고등학교,고등학교,은평구,대조동,서울특별시 은평구 통일로 793,(대조동/동명여자고등학교),19210603
동명여자중학교,중학교,서대문구,천연동,서울특별시 서대문구 독립문로 49,(천연동),19210603
동북고등학교,고등학교,강동구,둔촌동,서울특별시 강동구 강동대로 305,(둔촌동),19530604
동북중학교,중학교,강동구,둔촌동,서울특별시 강동구 강동대로 305,(둔촌동),19530604
동북초등학교,초등학교,도봉구,쌍문동,서울특별시 도봉구 시루봉로 53,/ 동북초등학교 (쌍문동),19640404
동산초등학교,초등학교,중구,신당동,서울특별시 중구 매봉18길 109,/ 동산초등학교 (신당동),19660310
동성고등학교,고등학교,종로구,혜화동,서울특별시 종로구 대학로 156,(혜화동/동성중고교),19070910
동성중학교,중학교,종로구,혜화동,서울특별시 종로구 대학로 156,(혜화동),19070908
동신중학교,중학교,강동구,천호동,서울특별시 강동구 진황도로 72,(천호동/ 동신중학교),19500516
동양고등학교,고등학교,강서구,가양동,서울특별시 강서구 허준로 50,(가양동/동양고등학교),19530519
동양중학교,중학교,동작구,흑석동,서울특별시 동작구 흑석로9길 94,/ 동양중학교 (흑석동),19510303
동원중학교,중학교,중랑구,망우동,서울특별시 중랑구 양원역로 32,(망우동/ 동원중학교),19860129
동일여자고등학교,고등학교,금천구,시흥동,서울특별시 금천구 탑골로10길 45,(시흥동/ 동일여자고등학교),19721219
동일중학교,중학교,금천구,시흥동,서울특별시 금천구 탑골로10길 45,(시흥동),19681216
동작고등학교,고등학교,동작구,사당동,서울특별시 동작구 솔밭로 51,(사당동/동작고등학교(복합정보센타)),19911023
동작중학교,중학교,동작구,동작동,서울특별시 동작구 동작대로39가길 83,(동작동),19841208
둔촌고등학교,고등학교,강동구,둔촌동,서울특별시 강동구 명일로 140,(둔촌동/둔촌고등학교),19970115
둔촌중학교,중학교,강동구,둔촌동,서울특별시 강동구 진황도로61길 25-30,(둔촌동),19860129
등명중학교,중학교,강서구,등촌동,서울특별시 강서구 공항대로39길 39,(등촌동/등명중학교),19950110
등원중학교,중학교,강서구,등촌동,서울특별시 강서구 화곡로65길 50,(등촌동/등원중학교),19950504
등촌고등학교,고등학교,강서구,등촌동,서울특별시 강서구 공항대로39길 115,/ 등촌고등학교 (등촌동),20040301
등촌중학교,중학교,강서구,등촌동,서울특별시 강서구 공항대로 484-12,(등촌동/등촌중학교),19810130
리라아트고등학교,고등학교,중구,예장동,서울특별시 중구 소파로2길 ,/ 24 (예장동/리라아트고등학교),19520520
리라초등학교,초등학교,중구,예장동,서울특별시 중구 소파로2길 7,(예장동),19650520
마곡중학교,중학교,강서구,마곡동,서울특별시 강서구 마곡중앙5로 58,(마곡동),20150109
마곡하늬중학교,중학교,강서구,마곡동,서울특별시 강서구 마곡서1로 16,(마곡동),20200301
마장중학교,중학교,성동구,마장동,서울특별시 성동구 마장로35나길 31,/ 마장중학교 (마장동),20050301
마포고등학교,고등학교,강서구,등촌동,서울특별시 강서구 화곡로 403,(등촌동/마포고등학교),19530601
마포중학교,중학교,강서구,,서울특별시 강서구 화곡로 403,/ 마포중학교 (전화 02-3663-2587),19500601
매원초등학교,초등학교,성북구,돈암동,서울특별시 성북구 북악산로 870,(돈암동),19631205
면목고등학교,고등학교,중랑구,면목동,서울특별시 중랑구 용마산로72길 36-14,(면목동/면목고등학교),19821130
면목중학교,중학교,중랑구,면목동,서울특별시 중랑구 용마산로70길 37,/ 면목중학교 (면목동),19811217
명덕고등학교,고등학교,강서구,내발산동,서울특별시 강서구 강서로47길 34-10,(내발산동/명덕고등학교),19841217
명덕여자고등학교,고등학교,강서구,내발산동,서울특별시 강서구 강서로47길 34-10,(내발산동),19831226
명덕여자중학교,중학교,강서구,내발산동,서울특별시 강서구 강서로47길 34-10,(내발산동),19771230
명덕외국어고등학교,고등학교,강서구,내발산동,서울특별시 강서구 강서로47길 34-10,/ 명덕외국어고등학교 (내발산동/명덕고등학교),19910911
명일여자고등학교,고등학교,강동구,명일동,서울특별시 강동구 명일로 350,(명일동/명일여자고등학교),19841217
명일중학교,중학교,강동구,고덕동,서울특별시 강동구 양재대로156길 57,(고덕동/명일중학교),19840109
명지고등학교,고등학교,서대문구,홍은동,서울특별시 서대문구 명지2길 56,/ 명지고등학교 (홍은동),19480412
명지중학교,중학교,서대문구,홍은동,서울특별시 서대문구 명지2길 56,(홍은동),19480412
명지초등학교,초등학교,서대문구,홍은동,서울특별시 서대문구 명지2길 32-20,(홍은동),19670315
목동고등학교,고등학교,양천구,신정동,서울특별시 양천구 목동동로2길 68,/ 목동고등학교 (신정동),19891208
목동중학교,중학교,양천구,신정동,서울특별시 양천구 목동동로 172,(신정동/목동중학교),19810301
목운중학교,중학교,양천구,목동,서울특별시 양천구 목동동로 235,(목동/목운초.중학교),20090301
목일중학교,중학교,양천구,신정동,서울특별시 양천구 목동동로8길 70,(신정동/목일중학교),19861217
무학여자고등학교,고등학교,성동구,,서울특별시 성동구 고산자로 197,무학여자고등학교,19400330
무학중학교,중학교,성동구,행당동,서울특별시 성동구 행당로 120,(행당동),19681001
문래중학교,중학교,영등포구,문래동,서울특별시 영등포구 선유서로13길 6,(문래동6가/문래중학교),19860129
문성중학교,중학교,금천구,독산동,서울특별시 금천구 독산로102길 78,/ 문성중학교 (독산동),19900120
문일고등학교,고등학교,금천구,시흥동,서울특별시 금천구 시흥대로47길 45,(시흥동),19741227
문일중학교,중학교,금천구,시흥동,서울특별시 금천구 시흥대로47길 45,/ 문일중학교 (시흥동),19671214
문정고등학교,고등학교,송파구,문정동,서울특별시 송파구 송이로34길 62,(문정동/문정고등학교),20071101
문정중학교,중학교,송파구,문정동,서울특별시 송파구 문정로 73,(문정동/ 문정중학교),19900120
문창중학교,중학교,동작구,신대방동,서울특별시 동작구 여의대방로22나길 40,(신대방동),19810508
문현고등학교,고등학교,송파구,장지동,서울특별시 송파구 충민로 115,(장지동),20100301
문현중학교,중학교,송파구,장지동,서울특별시 송파구 충민로 99,(장지동/ 문현중학교),20090301
미래산업과학고등학교,고등학교,노원구,중계동,서울특별시 노원구 덕릉로82길 54,(중계동),19940301
미림마이스터고등학교,고등학교,관악구,,서울특별시 관악구 호암로 546,미림마이스터고등학교,19910301
미림여자고등학교,고등학교,관악구,신림동,서울특별시 관악구 호암로 546,/ 미림여자고등학교 (신림동),19671230
미성중학교,중학교,관악구,신림동,서울특별시 관악구 문성로16길 40,(신림동),19840109
밀알학교,특수학교,강남구,일원동,서울특별시 강남구 일원로 90,(일원동/밀알학교),19970301
반포고등학교,고등학교,서초구,반포동,서울특별시 서초구 고무래로 71,(반포동/반포고등학교),19831226
반포중학교,중학교,서초구,반포동,서울특별시 서초구 신반포로 67,"(반포동,반포중학교)",19741227
방배중학교,중학교,서초구,반포동,서울특별시 서초구 동광로 144,(반포동/방배중학교),19801227
방산고등학교,고등학교,송파구,방이동,서울특별시 송파구 오금로27길 18,(방이동),20030301
방산중학교,중학교,송파구,방이동,서울특별시 송파구 오금로29길 31,(방이동/ 방산중학교),19910221
방원중학교,중학교,강서구,방화동,서울특별시 강서구 금낭화로 268,/ 방원중학교 (방화동/방원중학교),19931005
방이중학교,중학교,송파구,방이동,서울특별시 송파구 오금로11길 64,(방이동/방이중학교),19850412
방학중학교,중학교,도봉구,방학동,서울특별시 도봉구 시루봉로 188,/ 방학중학교 (방학동),19820117
방화중학교,중학교,강서구,방화동,서울특별시 강서구 개화동로27길 9,(방화동),19860129
배명고등학교,고등학교,송파구,삼전동,서울특별시 송파구 삼학사로 11,/ 배명고등학교 (삼전동),19490307
배명중학교,중학교,송파구,삼전동,서울특별시 송파구 삼학사로 11,(삼전동/배명중고등학교),19490307
배문고등학교,고등학교,용산구,서계동,서울특별시 용산구 효창원로 258,(서계동),19551231
배문중학교,중학교,용산구,서계동,서울특별시 용산구 효창원로 258,/ 배문중학교 (서계동),19550317
배재고등학교,고등학교,강동구,고덕동,서울특별시 강동구 고덕로 227,(고덕동/배재중 고등학교),18850608
배재중학교,중학교,강동구,고덕동,서울특별시 강동구 고덕로 227,(고덕동/ 배재중학교),18850803
배화여자고등학교,고등학교,종로구,필운동,서울특별시 종로구 필운대로1길 34,(필운동/배화여자고등학교),18981002
배화여자중학교,중학교,종로구,필운동,서울특별시 종로구 필운대로1길 34,/ 배화여자중학교 (필운동),18981002
백석중학교,중학교,강서구,등촌동,서울특별시 강서구 등촌로51나길 35,(등촌동/백석중학교),19821209
백암고등학교,고등학교,양천구,신정동,서울특별시 양천구 신정로13길 16,/ 백암고등학교 (신정동),19840409
백운중학교,중학교,도봉구,쌍문동,서울특별시 도봉구 도봉로129길 50,(쌍문동),19920301
번동중학교,중학교,강북구,번동,서울특별시 강북구 오현로35길 87,(번동/번동중학교),19920301
보성고등학교,고등학교,송파구,방이동,서울특별시 송파구 양재대로 1278,(방이동/보성중고등학교),19060905
보성여자고등학교,고등학교,용산구,용산동,서울특별시 용산구 신흥로3가길 66,/ 보성여자고등학교 (용산동2가),19071010
보성여자중학교,중학교,용산구,용산동,서울특별시 용산구 신흥로3가길 66,(용산동2가),19071010
보성중학교,중학교,송파구,방이동,서울특별시 송파구 양재대로 1278,(방이동/보성중고등학교),19060905
보인고등학교,고등학교,송파구,오금동,서울특별시 송파구 오금로49길 18,/ 보인고등학교 (오금동),19080608
보인중학교,중학교,송파구,오금동,서울특별시 송파구 오금로49길 18,(오금동/ 보인중고등학교),19080608
봉림중학교,중학교,관악구,봉천동,서울특별시 관악구 장군봉길 72,(봉천동),19881224
봉영여자중학교,중학교,양천구,신정동,서울특별시 양천구 목동동로2길 68,(신정동/봉영여자중학교),19511008
봉원중학교,중학교,관악구,봉천동,서울특별시 관악구 관악로24가길 15,/ 봉원중학교 (봉천동/봉원중학교),19691111
봉은중학교,중학교,강남구,삼성동,서울특별시 강남구 영동대로128길 59,(삼성동),19860129
봉화중학교,중학교,중랑구,망우동,서울특별시 중랑구 망우로70길 89,(망우동/봉화중학교),19850501
북서울중학교,중학교,도봉구,도봉동,서울특별시 도봉구 도봉로169가길 33,(도봉동),19841208
북악중학교,중학교,성북구,정릉동,서울특별시 성북구 정릉로12길 41,(정릉동/북악중학교),19840110
불광중학교,중학교,은평구,불광동,서울특별시 은평구 불광로 180,/ 불광중학교 (불광동),19740920
불암고등학교,고등학교,노원구,중계동,서울특별시 노원구 중계로 155,(중계동),20050301
불암중학교,중학교,노원구,하계동,서울특별시 노원구 한글비석로5길 45,/ 불암중학교 (하계동),19921227
사당중학교,중학교,동작구,사당동,서울특별시 동작구 사당로9가길 58,/ 사당중학교 (사당동),19840109
삼각산고등학교,고등학교,강북구,미아동,서울특별시 강북구 삼양로19길 40,(미아동/삼각산고등학교),20110301
삼각산중학교,중학교,강북구,미아동,서울특별시 강북구 삼양로19길 141,/ 삼각산중학교 (미아동),20030106
삼선중학교,중학교,성북구,동소문동,서울특별시 성북구 동소문로3길 69,(동소문동4가/삼선중학교),19600219
삼성고등학교,고등학교,관악구,신림동,서울특별시 관악구 신림로 41,(신림동),19860112
삼성중학교,중학교,관악구,신림동,서울특별시 관악구 신림로3가길 39-24,(신림동/삼성중학교),19701002
삼정중학교,중학교,강서구,방화동,서울특별시 강서구 금낭화로 210,(방화동/삼정중학교),19940105
상경중학교,중학교,노원구,상계동,서울특별시 노원구 동일로227길 61,(상계동/ 상경중학교),19881224
상계고등학교,고등학교,노원구,상계동,서울특별시 노원구 노해로 432,(상계동/ 상계고등학교),19871215
상계제일중학교,중학교,노원구,중계동,서울특별시 노원구 덕릉로86길 29-15,/ 상계제일중학교 (중계동),19710116
상계중학교,중학교,노원구,상계동,서울특별시 노원구 노원로 398,(상계동/ 상계중학교),19860301
상도중학교,중학교,동작구,사당동,서울특별시 동작구 사당로2가길 72,/ 상도중학교 (사당동),19681023
상명고등학교,고등학교,노원구,중계동,서울특별시 노원구 덕릉로 553,(중계동),19371201
상명대학교사범대학부속여자고등학교,고등학교,종로구,홍지동,서울특별시 종로구 홍지문2길 20,"(홍지동,상명대학교)",19661219
상명대학교사범대학부속여자중학교,중학교,종로구,홍지동,서울특별시 종로구 홍지문2길 20,(홍지동),19661117
상명대학교사범대학부속초등학교,초등학교,종로구,홍지동,서울특별시 종로구 홍지문2길 1,(홍지동/ 상명초등학교),19660312
상명중학교,중학교,노원구,중계동,서울특별시 노원구 덕릉로 553,/ 상명중학교 (중계동),19371201
상명초등학교,초등학교,노원구,중계동,서울특별시 노원구 덕릉로 541,/ 상명초등학교 (중계동),19640206
상문고등학교,고등학교,서초구,방배동,서울특별시 서초구 명달로 45,(방배동/상문고등학교),19721223
상봉중학교,중학교,중랑구,상봉동,서울특별시 중랑구 상봉중앙로8나길 28,(상봉동),20010506
상신중학교,중학교,은평구,신사동,서울특별시 은평구 증산로15길 61,(신사동),19841208
상암고등학교,고등학교,마포구,상암동,서울특별시 마포구 월드컵북로 445,(상암동),20070104
상암중학교,중학교,마포구,상암동,서울특별시 마포구 상암산로1길 26,(상암동),20070301
상원중학교,중학교,노원구,상계동,서울특별시 노원구 수락산로 182,(상계동),19930115
상일미디어고등학교,고등학교,강동구,상일동,서울특별시 강동구 천호대로219길 61,/ 상일미디어고등학교 (상일동),19831226
상일여자고등학교,고등학교,강동구,상일동,서울특별시 강동구 천호대로219길 61,/ 상일여자고등학교 (상일동),19791006
상일중학교,중학교,강동구,상일동,서울특별시 강동구 천호대로219길 61,(상일동/ 상일여자중학교),19790221
상현중학교,중학교,동작구,상도동,서울특별시 동작구 사당로2길 2-19,(상도동),19680806
서라벌고등학교,고등학교,노원구,중계1동,서울특별시 노원구 한글비석로5길 18,/ (중계1동 313/ 서라벌고등학교) ,19560305
서라벌중학교,중학교,강북구,우이동,서울특별시 강북구 삼양로155길 37-9,/ 서라벌중학교 (우이동),19560305
서문여자고등학교,고등학교,서초구,방배동,서울특별시 서초구 동광로12길 84,(방배동/서문여자고등학교),19721229
서문여자중학교,중학교,서초구,방배동,서울특별시 서초구 동광로12길 84,(방배동),19781229
서서울생활과학고등학교,고등학교,구로구,궁동,서울특별시 구로구 오리로 1355-10,/ 서서울생활과학고등학교 (궁동),19720305
서연중학교,중학교,서대문구,연희동,서울특별시 서대문구 연희로11마길 9-6,(연희동),19841208
서운중학교,중학교,서초구,서초동,서울특별시 서초구 서운로 115,(서초동/서운중학교),19820107
서울가곡초등학교,초등학교,강서구,내발산동,서울특별시 강서구 공항대로36길 74,(내발산동/가곡초등학교),19920715
서울가동초등학교,초등학교,송파구,가락동,서울특별시 송파구 중대로20길 47,(가락동),19900425
서울가락초등학교,초등학교,송파구,가락동,서울특별시 송파구 송파대로37길 45,(가락동/ 가락초등학교),19810909
서울가산초등학교,초등학교,금천구,독산동,서울특별시 금천구 남부순환로 1304-11,/ 서울가산초등학교 (독산동),19830625
서울가양초등학교,초등학교,,가양동,서울 강서구 허준로 186,/ (가양동/가양초등학교),19920715
서울가원초등학교,초등학교,송파구,문정동,서울특별시 송파구 중대로4길 8,(문정동/ 가원초등학교),19881208
서울가인초등학교,초등학교,도봉구,창동,서울특별시 도봉구 도봉로136다길 4,(창동/가인초등학교),20031230
서울가재울초등학교,초등학교,서대문구,남가좌동,서울특별시 서대문구 모래내로15길 61,(남가좌동),20160301
서울가주초등학교,초등학교,송파구,가락동,서울특별시 송파구 오금로40길 37,/ 서울가주초등학교 (가락동/ 가주초등학교),19960810
서울갈산초등학교,초등학교,양천구,신정동,서울특별시 양천구 목동로 31,/ 서울갈산초등학교 (신정동),19870909
서울갈현초등학교,초등학교,은평구,갈현동,서울특별시 은평구 연서로29길 31,/ 갈현초등학교 (갈현동),19661202
서울강남초등학교,초등학교,동작구,상도1동,서울특별시 동작구 강남초등길 15,(상도1동),19451102
서울강덕초등학교,초등학교,강동구,고덕동,서울특별시 강동구 동남로82길 94-54,(고덕동/ 서울강덕초등학교),19861217
서울강동초등학교,초등학교,강동구,천호동,서울특별시 강동구 상암로14길 77,(천호동/서울강동초등학교),19760818
서울강명초등학교,초등학교,강동구,상일동,서울특별시 강동구 상일로 74-1,(상일동),20110301
서울강빛초등학교,초등학교,강동구,강일동,서울특별시 강동구 아리수로93다길 1,"(강일동, 강빛초중통합학교)",20210301
서울강서초등학교,초등학교,양천구,신월동,서울특별시 양천구 오목로 31,"(신월동, 서울강서초등학교)",19801018
서울강솔초등학교,초등학교,강동구,강일동,서울특별시 강동구 고덕로97길 80,/ 서울강솔초등학교 (강일동),20170301
서울강신초등학교,초등학교,양천구,신월동,서울특별시 양천구 월정로 280,/ 서울강신초등학교 (신월동/서울강신초등학교),19850419
서울강월초등학교,초등학교,양천구,신월동,서울특별시 양천구 신월로 97,(신월동/서울강월초등학교),19880209
서울강일초등학교,초등학교,강동구,강일동,서울특별시 강동구 아리수로98길 24,/ 서울강일초등학교 (강일동),19930720
서울개롱초등학교,초등학교,송파구,오금동,서울특별시 송파구 문정로 211,/ 서울개롱초등학교 (오금동),20071101
서울개명초등학교,초등학교,구로구,개봉동,서울특별시 구로구 개봉로1다길 16-9,(개봉동/개명초등학교),19831203
서울개봉초등학교,초등학교,구로구,개봉동,서울특별시 구로구 개봉로16길 30-11,(개봉동),19710901
서울개운초등학교,초등학교,성북구,돈암동,서울특별시 성북구 정릉로48길 52,(돈암동/서울개운초등학교),20020710
서울개웅초등학교,초등학교,구로구,개봉동,서울특별시 구로구 개봉로11길 98,(개봉동/개웅초등학교),19980731
서울개원초등학교,초등학교,강남구,개포동,서울특별시 강남구 선릉로 29,"(개포동,개원초등학교)",19820920
서울개일초등학교,초등학교,강남구,개포동,서울특별시 강남구 개포로 401,/ 개일초등학교 (개포동/개일초등학교),19871117
서울개포초등학교,초등학교,강남구,개포동,서울특별시 강남구 삼성로4길 30,(개포동/ 개포초등학교),19830510
서울개현초등학교,초등학교,강남구,개포동,서울특별시 강남구 선릉로 15,"(개포동, 서울개현초등학교)",20240301
서울개화초등학교,초등학교,강서구,방화동,서울특별시 강서구 양천로 11,(방화동/개화초등학교),19560510
서울거여초등학교,초등학교,송파구,오금동,서울특별시 송파구 마천로25길 18,(오금동/ 거여초등학교),19670915
서울거원초등학교,초등학교,송파구,거여동,서울특별시 송파구 양산로2길 26,(거여동/거원초등학교),19970901
서울경동초등학교,초등학교,성동구,성수동,서울특별시 성동구 성수일로 34,(성수동1가/경동초등학교),19131001
서울경수초등학교,초등학교,성동구,성수동,서울특별시 성동구 뚝섬로13길 22,(성수동2가/경수초등학교),19820429
서울경운학교,특수학교,종로구,경운동,서울특별시 종로구 삼일대로 454,(경운동),20020301
서울경인초등학교,초등학교,양천구,목동,서울특별시 양천구 안양천로 1009,(목동/서울경인초등학교),19861127
서울경일초등학교,초등학교,성동구,성수동,서울특별시 성동구 뚝섬로 332,(성수동1가),19841031
서울계남초등학교,초등학교,양천구,신정동,서울특별시 양천구 목동동로2길 54,/ 서울계남초등학교 (신정동/서울계남초등학교),19790506
서울계상초등학교,초등학교,노원구,상계동,서울특별시 노원구 한글비석로41가길 24,(상계동),19830701
서울고덕초등학교,초등학교,강동구,고덕동,서울특별시 강동구 아리수로82길 42,/ 고덕초등학교 (고덕동),19831203
서울고등학교,고등학교,서초구,서초동,서울특별시 서초구 효령로 197,(서초동/서울고등학교),19460201
서울고명초등학교,초등학교,강동구,명일동,서울특별시 강동구 고덕로46길 53,/ 서울고명초등학교 (명일동),19801129
서울고산초등학교,초등학교,구로구,고척동,서울특별시 구로구 중앙로 6,(고척동/ 고산초등학교),19910902
서울고원초등학교,초등학교,구로구,고척동,서울특별시 구로구 경인로46길 13,(고척동/ 서울고원초등학교),20040301
서울고은초등학교,초등학교,서대문구,홍제동,서울특별시 서대문구 모래내로 441,(홍제동/ 서울고은초등학교),19711203
서울고일초등학교,초등학교,강동구,상일동,서울특별시 강동구 구천면로93길 20,/ 서울고일초등학교 (상일동),19831203
서울고척초등학교,초등학교,구로구,고척동,서울특별시 구로구 경서로 31,(고척동),19671206
서울고현초등학교,초등학교,강동구,,서울특별시 강동구 상일로11길 110,/ 서울고현초등학교 ,20200301
서울공덕초등학교,초등학교,마포구,공덕동,서울특별시 마포구 만리재옛길 13,(공덕동/ 공덕초등학교),19440411
서울공릉초등학교,초등학교,노원구,공릉동,서울특별시 노원구 동일로173길 12,(공릉동/서울공릉초등학교),19790404
서울공업고등학교,고등학교,동작구,대방동,서울특별시 동작구 대방동1길 46,/ 서울공업고등학교 (대방동),18990505
서울공연예술고등학교,고등학교,구로구,궁동,서울특별시 구로구 오리로22나길 16-26,/ 서울공연예술고등학교 (궁동),19660306
서울공연초등학교,초등학교,노원구,공릉동,서울특별시 노원구 동일로192가길 16,(공릉동/서울공연초등학교),19820707
서울공진초등학교,초등학교,강서구,마곡동,서울특별시 강서구 마곡서로 33,/ 서울공진초등학교 (마곡동 749-2),19921125
서울공항초등학교,초등학교,강서구,마곡동,서울특별시 강서구 마곡서1로 68 ,(마곡동),19821110
서울과학고등학교,고등학교,종로구,,서울특별시 종로구 혜화로 63,(명륜1가),19880914
서울관광고등학교,고등학교,관악구,봉천동,서울특별시 관악구 은천로15길 25,(봉천동/서울관광고등학교),19780315
서울관악초등학교,초등학교,,봉천동,서울 관악구 청룡4길 49,/ 관악초등학교 (봉천동/관악초등학교),19711204
서울광남초등학교,초등학교,광진구,광장동,서울특별시 광진구 아차산로70길 35,(광장동),19900120
서울광장초등학교,초등학교,광진구,광장동,서울특별시 광진구 광장로1길 27,/ 서울광장초등학교 (광장동),19461110
서울광진초등학교,초등학교,광진구,구의동,서울특별시 광진구 자양로40길 41,/ 서울광진초등학교 (구의동),20030901
서울광진학교,특수학교,광진구,구의동,서울특별시 광진구 강변역로 18,/ 서울광진학교 (구의동/ 서울광진학교),19990115
서울광희초등학교,초등학교,중구,신당동,서울특별시 중구 다산로 269,(신당동/광희초등학교),18950719
서울교동초등학교,초등학교,종로구,경운동,서울특별시 종로구 삼일대로 446,(경운동),18940918
서울교육대학교부설초등학교,초등학교,서초구,서초동,서울특별시 서초구 서초중앙로 96,(서초동/서울교대초등학교),19530131
서울구남초등학교,초등학교,광진구,구의동,서울특별시 광진구 구의강변로 69,/ 서울구남초등학교 (구의동),19980301
서울구로남초등학교,초등학교,구로구,구로동,서울특별시 구로구 디지털로27길 76,(구로동/구로남초등학교),19640311
서울구로초등학교,초등학교,구로구,구로동,서울특별시 구로구 구로중앙로27나길 9,/ 구로동443 (구로동),19500620
서울구룡초등학교,초등학교,강남구,개포동,서울특별시 강남구 개포로 263,(개포동/구룡초등학교),19831130
서울구산초등학교,초등학교,은평구,구산동,서울특별시 은평구 서오릉로15길 16,(구산동/ 구산초등학교),19771129
서울구암초등학교,초등학교,관악구,봉천동,서울특별시 관악구 구암길 1,/ 서울구암초등학교 (봉천동),19770211
서울구의초등학교,초등학교,광진구,화양동,서울특별시 광진구 광나루로30길 49,/ 서울구의초등학교 (화양동),19811226
서울구일초등학교,초등학교,구로구,구로동,서울특별시 구로구 구일로 68,(구로동/구일초등학교),19871022
서울구현초등학교,초등학교,은평구,구산동,서울특별시 은평구 갈현로15길 51,(구산동/구현초등학교),20081231
서울국제고등학교,고등학교,종로구,,서울특별시 종로구 성균관로13길 40,/ 서울국제고 (명륜1가),20070719
서울군자초등학교,초등학교,동대문구,장안동,서울특별시 동대문구 한천로6길 21,/ 서울군자초등학교 (장안동),19730106
서울금나래초등학교,초등학교,금천구,시흥동,서울특별시 금천구 시흥대로79길 37,(시흥동),20170301
서울금동초등학교,초등학교,금천구,시흥동,서울특별시 금천구 금하로30길 53,/ 서울금동초등학교 (시흥동),20030301
서울금북초등학교,초등학교,성동구,금호동,서울특별시 성동구 행당로1길 13,/ 서울금북초등학교 (금호동1가),19681126
서울금산초등학교,초등학교,금천구,시흥동,서울특별시 금천구 시흥대로24길 57,"(시흥동, 서울금산초등학교)",19980731
서울금양초등학교,초등학교,용산구,효창동,서울특별시 용산구 효창원로 137,", 서울금양초등학교 (효창동)",19150910
서울금옥초등학교,초등학교,성동구,금호동,서울특별시 성동구 독서당로 251,(금호동4가/ 서울금옥초등학교),19620412
서울금융고등학교,고등학교,양천구,신월동,서울특별시 양천구 가로공원로61길 19,/ 서울금융고등학교 (신월동),19841217
서울금천초등학교,초등학교,금천구,시흥동,서울특별시 금천구 탑골로5길 60,(시흥동),19831007
서울금호초등학교,초등학교,성동구,금호동,서울특별시 성동구 무수막길 69,/ 서울금호초등학교 (금호동2가),19580401
서울금화초등학교,초등학교,서대문구,천연동,서울특별시 서대문구 통일로 165,(천연동/서울금화초등학교),19240324
서울길동초등학교,초등학교,강동구,길동,서울특별시 강동구 양재대로116길 69,/ 서울길동초등학교 (길동),19730106
서울길원초등학교,초등학교,성북구,길음동,서울특별시 성북구 길음로15길 55,/ 서울길원초등학교 (길음동),20060105
서울길음초등학교,초등학교,성북구,길음동,서울특별시 성북구 길음로 142,(길음동/서울길음초등학교),19841205
서울나래학교,특수학교,서초구,염곡동,서울특별시 서초구 염곡안1길 25,(염곡동/ 서울나래학교),20190901
서울난곡초등학교,초등학교,관악구,신림동,서울특별시 관악구 난곡로35길 102,(신림동/ 난곡초등학교),19710422
서울난우초등학교,초등학교,관악구,신림동,서울특별시 관악구 난우길 40,(신림동/난우초등학교),19761203
서울난향초등학교,초등학교,관악구,신림동,서울특별시 관악구 난향길 9,(신림동/난향초등학교),19810406
서울남명초등학교,초등학교,양천구,신정동,서울특별시 양천구 중앙로23길 3,(신정동/서울남명초등학교),19911030
서울남부초등학교,초등학교,관악구,신림동,서울특별시 관악구 남부순환로163길 14,/ 서울남부초등학교 (신림동),19851008
서울남사초등학교,초등학교,동작구,사당동,서울특별시 동작구 동작대로13길 22,(사당동),19790927
서울남산초등학교,초등학교,중구,남산동,서울특별시 중구 퇴계로22길 17,/ 서울남산초등학교 (남산동2가),19451101
서울남성초등학교,초등학교,동작구,사당동,서울특별시 동작구 사당로23길 57-14,(사당동/ 서울남성초등학교),19670915
서울남정초등학교,초등학교,용산구,,서울특별시 용산구 원효로64길 17-10,/ 서울남정초등학교 (원효로2가),19451101
서울남천초등학교,초등학교,송파구,마천동,서울특별시 송파구 성내천로 207,(마천동),19831203
서울내발산초등학교,초등학교,강서구,내발산동,서울특별시 강서구 강서로46길 23,(내발산동/내발산초등학교),19831203
서울노량진초등학교,초등학교,동작구,노량진동,서울특별시 동작구 장승배기로 160,(노량진동),19480320
서울노원초등학교,초등학교,노원구,상계동,서울특별시 노원구 동일로230나길 32,(상계동/ 노원초등학교),19720902
서울노일초등학교,초등학교,노원구,상계동,서울특별시 노원구 동일로 1625,(상계동/노일초등학교),19941110
서울녹번초등학교,초등학교,은평구,녹번동,서울특별시 은평구 녹번로1길 1,(녹번동/ 서울녹번초등학교),19820924
서울녹천초등학교,초등학교,노원구,월계동,서울특별시 노원구 마들로3길 34,/ 서울녹천초등학교 (월계동),19950110
서울논현초등학교,초등학교,강남구,논현동,서울특별시 강남구 강남대로120길 33,(논현동/논현초등학교),19721123
서울농학교,특수학교,종로구,신교동,서울특별시 종로구 필운대로 103,(신교동),19130401
서울누원초등학교,초등학교,도봉구,도봉동,서울특별시 도봉구 마들로 859-44,(도봉동),19930720
서울다솜관광고등학교,각종학교(고),종로구,숭인동,서울특별시 종로구 종로58길 30,(숭인동),20120301
서울다원학교,특수학교,성북구,성북동,서울특별시 성북구 성북로31길 5-15,/ 서울다원학교 (성북동),20150901
서울답십리초등학교,초등학교,동대문구,답십리동,서울특별시 동대문구 전농로3길 23,/ 서울답십리초등학교 (답십리동),19620201
서울당곡초등학교,초등학교,관악구,봉천동,서울특별시 관악구 보라매로2길 23,/ 23 (봉천동/당곡초등학교),19740910
서울당산초등학교,초등학교,영등포구,양평동,서울특별시 영등포구 선유로55길 32,/ 서울당산초등학교 (양평동4가),19450815
서울당서초등학교,초등학교,영등포구,당산동,서울특별시 영등포구 당산로 187,/ 서울당서초등학교 (당산동5가),19840730
서울당중초등학교,초등학교,영등포구,양평동,서울특별시 영등포구 선유로 131,/ 서울당중초등학교 (양평동3가),19491028
서울당현초등학교,초등학교,노원구,상계동,서울특별시 노원구 동일로213길 52,/ 서울당현초등학교 (상계동),19880209
서울대곡초등학교,초등학교,강남구,대치동,서울특별시 강남구 남부순환로 3022,/ 서울대곡초등학교 (대치동/대곡초등학교),19810909
서울대길초등학교,초등학교,영등포구,신길동,서울특별시 영등포구 대방천로 206,/ 서울대길초등학교 (신길동),19830914
서울대도초등학교,초등학교,강남구,도곡동,서울특별시 강남구 선릉로 209,(도곡동/ 서울대도초등학교),19790327
서울대동초등학교,초등학교,영등포구,대림동,서울특별시 영등포구 대림로21길 6,/ 서울대동초등학교 (대림동),19801002
서울대림초등학교,초등학교,동작구,대방동,서울특별시 동작구 대방동1길 22,(대방동),19730801
서울대명초등학교,초등학교,강동구,명일동,서울특별시 강동구 상암로 271,(명일동/서울대명초등학교),19860301
서울대모초등학교,초등학교,강남구,일원동,서울특별시 강남구 광평로20길 27,/ 대모초등학교 (일원동/대모초등학교),19940805
서울대방초등학교,초등학교,영등포구,신길동,서울특별시 영등포구 여의대방로35길 14,(신길동),19550427
서울대신초등학교,초등학교,서대문구,대현동,서울특별시 서대문구 이화여대2길 27,(대현동/ 서울대신초등학교),19650310
서울대영초등학교,초등학교,영등포구,신길동,서울특별시 영등포구 신길로23길 43,(신길동/대영초등학교),19871221
서울대왕초등학교,초등학교,강남구,세곡동,서울특별시 강남구 헌릉로618길 8,(세곡동/대왕초등학교),19321125
서울대은초등학교,초등학교,은평구,대조동,서울특별시 은평구 통일로69길 12-15,/ 서울대은초등학교 (대조동),19821008
서울대조초등학교,초등학교,은평구,대조동,서울특별시 은평구 연서로18길 17,(대조동),19670915
서울대진초등학교,초등학교,강남구,개포동,서울특별시 강남구 개포로109길 74,/ 서울대진초등학교 (개포동),19920715
서울대청초등학교,초등학교,강남구,일원동,서울특별시 강남구 양재대로55길 28,/ 서울대청초등학교 (일원동),19930227
서울대치초등학교,초등학교,강남구,대치동,서울특별시 강남구 양재천로 363,(대치동/ 대치초등학교),19840509
서울대학교사범대학부설고등학교,고등학교,성북구,종암동,서울특별시 성북구 월곡로 6,(종암동),19460901
서울대학교사범대학부설여자중학교,중학교,종로구,이화동,서울특별시 종로구 대학로 64,/ 서울대학교사범대학부설여자중학교 (이화동),19690303
서울대학교사범대학부설중학교,중학교,성북구,종암동,서울특별시 성북구 월곡로 36,(종암동),19460901
서울대학교사범대학부설초등학교,초등학교,종로구,동숭동,서울특별시 종로구 대학로 64,(동숭동/서울사대부설초등학교),18950416
서울대현초등학교,초등학교,강남구,대치동,서울특별시 강남구 역삼로98길 16,(대치동/대현초등학교),19841205
서울덕수초등학교,초등학교,중구,정동,서울특별시 중구 덕수궁길 140,/ 서울덕수초등학교 (정동),19120401
서울덕암초등학교,초등학교,노원구,상계동,서울특별시 노원구 덕릉로112길 68,/ 서울덕암초등학교 (상계동),20030106
서울덕의초등학교,초등학교,구로구,고척동,서울특별시 구로구 고척로 213,(고척동/덕의초등학교),19831201
서울도곡초등학교,초등학교,강남구,대치동,서울특별시 강남구 선릉로64길 33,(대치동/ 도곡초등학교),19740901
서울도림초등학교,초등학교,영등포구,신길동,서울특별시 영등포구 가마산로65길 22,/ 서울도림초등학교 (신길동),19560324
서울도봉초등학교,초등학교,도봉구,도봉동,서울특별시 도봉구 도봉로173길 96,(도봉동),19660628
서울도성초등학교,초등학교,강남구,역삼동,서울특별시 강남구 역삼로 313,(역삼동/도성초등학교),19810613
서울도솔학교,특수학교,도봉구,도봉동,서울특별시 도봉구 평화로15번길 9-26,(도봉동/ 서울도솔학교),20190901
서울도시과학기술고등학교,고등학교,성북구,하월곡동,서울특별시 성북구 종암로 196,(하월곡동/서울도시과학기술고등학교),19640108
서울도신초등학교,초등학교,영등포구,대림동,서울특별시 영등포구 도림로53길 32-9,/ 서울도신초등학교 (대림동),19731213
서울독립문초등학교,초등학교,종로구,무악동,서울특별시 종로구 통일로12길 23,(무악동),19570928
서울독산초등학교,초등학교,금천구,독산동,서울특별시 금천구 시흥대로104길 31,(독산동/독산초등학교),19770901
서울독일학교,외국인학교,용산구,한남동,서울특별시 용산구 독서당로 123-6,(한남동),19760801
서울돈암초등학교,초등학교,성북구,동소문동,서울특별시 성북구 동소문로13길 38,(동소문동6가/서울돈암초등학교),19440930
서울동교초등학교,초등학교,마포구,망원동,서울특별시 마포구 월드컵로25길 86,/ 동교초등학교 (망원동),19740901
서울동구고등학교,고등학교,성북구,성북동,서울특별시 성북구 성북로8길 71,/ 동구마케팅고등학교 (성북동),19420617
서울동구로초등학교,초등학교,구로구,구로동,서울특별시 구로구 구로중앙로14길 43,/ 서울동구로초등학교 (구로동),19710901
서울동답초등학교,초등학교,동대문구,답십리동,서울특별시 동대문구 답십리로60길 12,(답십리동/서울동답초등학교),19831203
서울동명초등학교,초등학교,성동구,마장동,서울특별시 성동구 마장로29길 29,/ 서울동명초등학교 (마장동),19441010
서울동산고등학교,고등학교,노원구,공릉동,서울특별시 노원구 공릉로 257,(공릉동),19680302
서울동신초등학교,초등학교,성북구,보문동,서울특별시 성북구 보문사길 50,(보문동3가/서울동신초등학교),19481101
서울동원초등학교,초등학교,중랑구,망우동,서울특별시 중랑구 송림길 114,/ 서울동원초등학교 (망우동),19910121
서울동의초등학교,초등학교,광진구,구의동,서울특별시 광진구 영화사로 111,(구의동/서울동의초등학교),19870709
서울동일초등학교,초등학교,노원구,상계동,서울특별시 노원구 한글비석로 566,/ 동일초등학교 (상계동),19880928
서울동자초등학교,초등학교,광진구,자양동,서울특별시 광진구 뚝섬로 561,(자양동),19841205
서울동작초등학교,초등학교,동작구,사당동,서울특별시 동작구 동작대로29길 214,/ 서울동작초등학교 (사당동),19820707
서울동천학교,특수학교,노원구,하계동,서울특별시 노원구 노원로18길 41,/ 서울동천학교 (하계동),19791212
서울동호초등학교,초등학교,성동구,옥수동,서울특별시 성동구 매봉길 49-35,(옥수동/ 동호초등학교),20100301
서울두산초등학교,초등학교,금천구,독산동,서울특별시 금천구 범안로11길 3,/ 서울두산초등학교 (독산동),19850701
서울둔촌초등학교,초등학교,강동구,둔촌동,서울특별시 강동구 양재대로88길 27,", 서울둔촌초등학교 (둔촌동)",19791220
서울드와이트외국인학교,외국인학교,마포구,상암동,서울특별시 마포구 월드컵북로62길 21,(상암동),20120820
서울등마초등학교,초등학교,강서구,등촌동,서울특별시 강서구 등촌로35길 12,(등촌동/서울등마초등학교),20061228
서울등명초등학교,초등학교,강서구,등촌동,서울특별시 강서구 강서로56나길 34,(등촌동/등명초등학교),19950901
서울등서초등학교,초등학교,강서구,화곡동,서울특별시 강서구 화곡로58길 86,(화곡동/등서초등학교),19841102
서울등양초등학교,초등학교,강서구,등촌동,서울특별시 강서구 강서로56나길 140,/ 등양초등학교 (등촌동/등양초등학교),19941130
서울등원초등학교,초등학교,강서구,등촌동,서울특별시 강서구 화곡로65길 90,/ 서울등원초등학교 (등촌동),19941101
서울등촌초등학교,초등학교,강서구,등촌동,서울특별시 강서구 등촌로39길 71,(등촌동/등촌초등학교),19820707
서울등현초등학교,초등학교,강서구,등촌동,서울특별시 강서구 화곡로65길 124,(등촌동/등현초등학교),19950110
서울디자인고등학교,고등학교,마포구,염리동,서울특별시 마포구 백범로 139,/ 서울디자인고등학교 (염리동),19550112
서울디지털콘텐츠고등학교,고등학교,강서구,방화동,서울특별시 강서구 방화대로47길 9,"(방화동,서울디지털콘텐츠고등학교)",19940105
서울디지텍고등학교,고등학교,용산구,이태원동,서울특별시 용산구 회나무로12길 27,(이태원동),19751004
서울로봇고등학교,고등학교,강남구,일원동,서울특별시 강남구 광평로20길 63,/ 서울로봇고등학교 (일원동),19940104
서울마장초등학교,초등학교,성동구,마장동,서울특별시 성동구 마장로35나길 31,/ 서울마장초등학교 (마장동),20050301
서울마천초등학교,초등학교,송파구,마천동,서울특별시 송파구 마천로61다길 24,/ 서울마천초등학교 (마천동),19780201
서울마포초등학교,초등학교,마포구,도화동,서울특별시 마포구 도화2길 64,/ 서울 마포초등학교 (도화동),19100624
서울망우초등학교,초등학교,중랑구,망우동,서울특별시 중랑구 망우로72길 49,/ 서울망우초등학교 (망우동),19760820
서울망원초등학교,초등학교,마포구,망원동,서울특별시 마포구 방울내로5길 28,(망원동/ 망원초등학교),19831231
서울매그넷고등학교,고등학교,금천구,시흥동,서울특별시 금천구 탑골로10길 45,(시흥동/ 동일여자상업고등학교),19870112
서울매동초등학교,초등학교,종로구,필운동,서울특별시 종로구 사직로9길 19,/ 서울매동초등학교 (필운동),18951115
서울매봉초등학교,초등학교,구로구,개봉동,서울특별시 구로구 고척로21길 55,/ 서울매봉초등학교 (개봉동),19850701
서울매헌초등학교,초등학교,서초구,양재동,서울특별시 서초구 언남길 8,(양재동/매헌초등학교),20080301
서울맹학교,특수학교,종로구,신교동,서울특별시 종로구 필운대로 97,(신교동),19130401
서울면남초등학교,초등학교,중랑구,면목동,서울특별시 중랑구 면목로30나길 38,(면목동/면남초등학교),19820701
서울면동초등학교,초등학교,중랑구,면목동,서울특별시 중랑구 면목로57길 32,(면목동/ 면동초등학교),19780901
서울면목초등학교,초등학교,중랑구,면목동,서울특별시 중랑구 면목로 434,(면목동),19300401
서울면북초등학교,초등학교,중랑구,망우동,서울특별시 중랑구 용마공원로5길 32,/ 서울면북초등학교 (망우동),19830701
서울면일초등학교,초등학교,중랑구,망우동,서울특별시 중랑구 용마산로100길 13,/ 면일초등학교 (망우동),19830421
서울면중초등학교,초등학교,중랑구,면목동,서울특별시 중랑구 용마산로70길 43,", 서울면중초등학교 (면목동)",19760605
서울명덕초등학교,초등학교,강동구,고덕동,서울특별시 강동구 양재대로156길 11,/ 서울명덕초등학교 (고덕동),19841205
서울명신초등학교,초등학교,종로구,창신동,서울특별시 종로구 낙산길 250,(창신동),19711006
서울명원초등학교,초등학교,강동구,명일동,서울특별시 강동구 명일로 364,/ 서울명원초등학교 (명일동),19861217
서울명일초등학교,초등학교,강동구,암사동,서울특별시 강동구 고덕로38길 8,(암사동/ 서울명일초등학교),19800510
서울목동초등학교,초등학교,양천구,신정동,서울특별시 양천구 목동동로12길 12,(신정동/서울목동초등학교),19731211
서울목운초등학교,초등학교,양천구,목동,서울특별시 양천구 목동동로 235,/ 서울목운초등학교 (목동),20090301
서울목원초등학교,초등학교,양천구,목동,서울특별시 양천구 목동중앙로 204,(목동/목원초등학교),19950605
서울묘곡초등학교,초등학교,강동구,고덕동,서울특별시 강동구 동남로79길 46,(고덕동),19850710
서울무학초등학교,초등학교,성동구,하왕십리동,서울특별시 성동구 무학봉15길 21,/ 서울무학초등학교 (하왕십리동),19150901
서울묵동초등학교,초등학교,중랑구,중화동,서울특별시 중랑구 동일로138길 27,/ 서울묵동초등학교 (중화동),19721025
서울묵현초등학교,초등학교,중랑구,,서울특별시 중랑구 동일로157길 75,/ 묵현초등학교 ,20040901
서울문교초등학교,초등학교,금천구,독산동,서울특별시 금천구 독산로54길 102,/ 문교초등학교 (독산동),19930227
서울문덕초등학교,초등학교,송파구,문정동,서울특별시 송파구 송이로34길 60,(문정동),19930720
서울문래초등학교,초등학교,영등포구,문래동,서울특별시 영등포구 문래로 104,(문래동3가/ 문래초등학교),19850710
서울문백초등학교,초등학교,금천구,시흥동,서울특별시 금천구 시흥대로47길 43-1,(시흥동/ 문백초등학교),19810713
서울문성초등학교,초등학교,금천구,독산동,서울특별시 금천구 시흥대로 460,/ 서울문성초등학교  (독산동),19551207
서울문영여자고등학교,고등학교,관악구,봉천동,서울특별시 관악구 관악로 85,/ 서울문영여자고등학교 (봉천동),19911107
서울문영여자중학교,중학교,관악구,봉천동,서울특별시 관악구 관악로 85,(봉천동),19260401
서울문정초등학교,초등학교,송파구,문정동,서울특별시 송파구 문정로5길 20,/ 문정초등학교 (문정동),19841205
서울문창초등학교,초등학교,동작구,신대방동,서울특별시 동작구 신대방2길 14,(신대방동/서울문창초등학교),19460406
서울문현초등학교,초등학교,송파구,장지동,서울특별시 송파구 충민로 137,/ (서울문현초등학교) (장지동),20070901
서울문화고등학교,고등학교,도봉구,방학동,서울특별시 도봉구 마들로 598,/ 서울문화고등학교 (방학동),19831226
서울미동초등학교,초등학교,서대문구,미근동,서울특별시 서대문구 충정로 52,(미근동/ 서울미동초등학교),18960501
서울미래초등학교,초등학교,구로구,구로동,서울특별시 구로구 새말로 73,/ 서울미래초등학교 (구로동),20020301
서울미성초등학교,초등학교,관악구,신림동,서울특별시 관악구 문성로 79,/ 서울미성초등학교 (신림동),19800417
서울미술고등학교,고등학교,관악구,봉천동,서울특별시 관악구 남부순환로247길 26,(봉천동/서울미술고등학교),19710926
서울미아초등학교,초등학교,성북구,길음동,서울특별시 성북구 삼양로 77,(길음동/ 서울미아초등학교),19620328
서울미양초등학교,초등학교,강북구,미아동,서울특별시 강북구 솔샘로 195,(미아동/미양초등학교),19710105
서울반도체고등학교,고등학교,동대문구,휘경동,서울특별시 동대문구 겸재로 21,", 서울반도체고등학교 (휘경동)",19971220
서울반원초등학교,초등학교,서초구,잠원동,서울특별시 서초구 잠원로3길 28,(잠원동/반원초등학교),19810805
서울반포초등학교,초등학교,서초구,반포동,서울특별시 서초구 신반포로 55-4,/ 서울반포초등학교 (반포동/반포초등학교),19740320
서울발산초등학교,초등학교,강서구,내발산동,서울특별시 강서구 강서로45길 113,(내발산동/발산초등학교),19791018
서울방배초등학교,초등학교,서초구,방배동,서울특별시 서초구 방배중앙로13길 26,(방배동/방배초등학교),19750912
서울방산초등학교,초등학교,송파구,방이동,서울특별시 송파구 오금로27길 42,(방이동),19911030
서울방송고등학교,고등학교,성동구,옥수동,서울특별시 성동구 동호로5길 131,(옥수동),19911030
서울방이초등학교,초등학교,송파구,방이동,서울특별시 송파구 위례성대로10길 4,/ 서울방이초등학교 (방이동),19810909
서울방일초등학교,초등학교,서초구,방배동,서울특별시 서초구 방배로18길 52,(방배동),19840730
서울방학초등학교,초등학교,도봉구,방학동,서울특별시 도봉구 도당로9길 34,/ 방학초등학교 (방학동),19820707
서울방현초등학교,초등학교,서초구,방배동,서울특별시 서초구 효령로4길 58,(방배동/방현초등학교),19900406
서울방화초등학교,초등학교,강서구,방화동,서울특별시 강서구 양천로6길 92,(방화동),19860129
서울배봉초등학교,초등학교,동대문구,전농동,서울특별시 동대문구 사가정로 193,/ 배봉초등학교 (전농동),19710105
서울백산초등학교,초등학교,금천구,시흥동,서울특별시 금천구 시흥대로38길 78,(시흥동/ 백산초등학교),19730810
서울백석초등학교,초등학교,강서구,등촌동,서울특별시 강서구 공항대로 491,(등촌동/백석초등학교),19840522
서울백영고등학교,고등학교,강서구,방화동,서울특별시 강서구 방화대로34길 13,(방화동),19870109
서울백운초등학교,초등학교,도봉구,쌍문동,서울특별시 도봉구 삼양로146길 17,(쌍문동),19800520
서울버들초등학교,초등학교,송파구,잠실동,서울특별시 송파구 석촌호수로 81,/ 서울버들초등학교 (잠실동),20070901
서울번동초등학교,초등학교,강북구,번동,서울특별시 강북구 오현로 204,(번동/번동초등학교),19910325
서울보광초등학교,초등학교,용산구,이태원동,서울특별시 용산구 우사단로 20,"(이태원동,보광초등학교)",19620622
서울보라매초등학교,초등학교,동작구,신대방동,서울특별시 동작구 여의대방로16길 30,/ 서울보라매초등학교 (신대방동),20050301
서울본동초등학교,초등학교,동작구,본동,서울특별시 동작구 노량진로26길 16-40,/ 서울본동초등학교 (본동),19480825
서울봉래초등학교,초등학교,중구,만리동,서울특별시 중구 손기정로 73,(만리동2가),18950918
서울봉은초등학교,초등학교,강남구,삼성동,서울특별시 강남구 학동로 610,(삼성동/봉은초등학교),19820407
서울봉천초등학교,초등학교,관악구,봉천동,서울특별시 관악구 행운1라길 17,/ 서울봉천초등학교 (봉천동/봉천초등학교),19670915
서울봉현초등학교,초등학교,관악구,봉천동,서울특별시 관악구 성현로 117,(봉천동/서울봉현초등학교),20030106
서울봉화초등학교,초등학교,중랑구,신내동,서울특별시 중랑구 신내로15길 110,(신내동/봉화초등학교),19951115
서울북가좌초등학교,초등학교,서대문구,북가좌동,서울특별시 서대문구 거북골로19길 20,(북가좌동/ 서울북가좌초등학교),19681223
서울북성초등학교,초등학교,서대문구,북아현동,서울특별시 서대문구 북아현로1나길 22,(북아현동/ 북성초등학교),19411101
서울북한산초등학교,초등학교,은평구,진관동,서울특별시 은평구 대서문길 42-3,/ 서울북한산초등학교 (진관동),19661206
서울불광초등학교,초등학교,은평구,불광동,서울특별시 은평구 불광로 51,/ 서울불광초등학교 (불광동),19620418
서울불암초등학교,초등학교,노원구,중계동,서울특별시 노원구 중계로 178,/ 서울불암초등학교 (중계동),19930901
서울사근초등학교,초등학교,성동구,사근동,서울특별시 성동구 사근동11길 16,(사근동/ 사근초등학교),19670711
서울사당초등학교,초등학교,관악구,남현동,서울특별시 관악구 남현4길 51,/ 서울사당초등학교 (남현동),19720713
서울산업정보학교,각종학교(고),관악구,신림동,서울특별시 관악구 신림로 67,/ 서울산업정보학교 (신림동),19830302
서울삼각산초등학교,초등학교,강북구,미아동,서울특별시 강북구 삼양로19길 141,(미아동/삼각산초등학교),20011231
서울삼광초등학교,초등학교,용산구,후암동,서울특별시 용산구 두텁바위로1나길 19,/ 서울삼광초등학교 (후암동),19451101
서울삼릉초등학교,초등학교,강남구,삼성동,서울특별시 강남구 봉은사로63길 22,(삼성동/삼릉초등학교),19850429
서울삼선초등학교,초등학교,성북구,삼선동,서울특별시 성북구 보문로29길 106,(삼선동3가/서울삼선초등학교),19490901
서울삼성초등학교,초등학교,관악구,신림동,서울특별시 관악구 대학7길 52,/ 삼성초등학교 (신림동),19720803
서울삼성학교,특수학교,동작구,상도동,서울특별시 동작구 양녕로30길 19-4,(상도동/ 서울삼성학교),19830303
서울삼양초등학교,초등학교,강북구,미아동,서울특별시 강북구 삼양로49길 17,(미아동/삼양초등학교),19591110
서울삼육초등학교,초등학교,동대문구,회기동,서울특별시 동대문구 회기로10길 63,/ 서울삼육초등학교 (회기동),19190401
서울삼일초등학교,초등학교,동작구,사당동,서울특별시 동작구 사당로23나길 27,/ 서울삼일초등학교 (사당동),20070901
서울삼전초등학교,초등학교,송파구,삼전동,서울특별시 송파구 백제고분로28길 19,(삼전동),19831007
서울삼정초등학교,초등학교,강서구,방화동,서울특별시 강서구 금낭화로 222,/ 서울삼정초등학교 (방화동),19940506
서울상경초등학교,초등학교,노원구,상계동,서울특별시 노원구 수락산로 237,(상계동/상경초등학교),19890504
서울상계초등학교,초등학교,노원구,상계동,서울특별시 노원구 상계로9길 39,/ 서울상계초등학교 (상계동),19460911
서울상곡초등학교,초등학교,노원구,상계동,서울특별시 노원구 노원로38길 34,/ 서울상곡초등학교 (상계동),19880928
서울상도초등학교,초등학교,동작구,상도동,서울특별시 동작구 성대로21길 62,(상도동/상도초등학교),19660206
서울상봉초등학교,초등학교,중랑구,상봉동,서울특별시 중랑구 동일로126가길 11,/ 서울상봉초등학교 (상봉동),19831025
서울상수초등학교,초등학교,노원구,상계동,서울특별시 노원구 동일로216길 66,/ 서울상수초등학교 (상계동),19880209
서울상신초등학교,초등학교,은평구,신사동,서울특별시 은평구 가좌로 361,(신사동),19820707
서울상암초등학교,초등학교,마포구,상암동,서울특별시 마포구 월드컵북로 353,(상암동/상암초등학교),19720710
서울상원초등학교,초등학교,노원구,상계동,서울특별시 노원구 한글비석로54길 119,(상계동),19890513
서울상월초등학교,초등학교,노원구,상계동,서울특별시 노원구 동일로221길 27,(상계동),19900120
서울상일초등학교,초등학교,강동구,상일동,서울특별시 강동구 천호대로 1477,(상일동),19211002
서울상지초등학교,초등학교,마포구,상암동,서울특별시 마포구 월드컵로42길 30,/ 서울상지초등학교 (상암동),20070605
서울상천초등학교,초등학교,노원구,상계동,서울특별시 노원구 덕릉로 443,/ 서울상천초등학교 (상계동),19890930
서울상현초등학교,초등학교,동작구,상도동,서울특별시 동작구 상도로58길 21,(상도동),20120901
서울새롬학교,특수학교,관악구,봉천동,서울특별시 관악구 보라매로 44,/ 서울새롬학교 (봉천동/ 삼육외래센터),19690728
서울새솔초등학교,초등학교,중랑구,신내동,서울특별시 중랑구 신내역로1길 164,(신내동/서울새솔초등학교),20140301
서울서강초등학교,초등학교,마포구,상수동,서울특별시 마포구 독막로 113,(상수동/서강초등학교),19370401
서울서교초등학교,초등학교,마포구,서교동,서울특별시 마포구 와우산로23길 20-27,(서교동),19620712
서울서래초등학교,초등학교,서초구,방배동,서울특별시 서초구 방배로 260,(방배동/서래초등학교),19830404
서울서빙고초등학교,초등학교,용산구,서빙고동,서울특별시 용산구 서빙고로51길 14,/ 서울서빙고초등학교 (서빙고동),19451101
서울서신초등학교,초등학교,은평구,신사동,서울특별시 은평구 은평터널로 150,(신사동),20050301
서울서원초등학교,초등학교,서초구,반포동,서울특별시 서초구 고무래로 63,/ 서울서원초등학교 (반포동),19841130
서울서이초등학교,초등학교,서초구,서초동,서울특별시 서초구 서운로 35,(서초동/서이초등학교),19831203
서울서일초등학교,초등학교,서초구,서초동,서울특별시 서초구 남부순환로339길 38,(서초동/서일초등학교),19861016
서울서정초등학교,초등학교,양천구,목동,서울특별시 양천구 목동로8길 19,(목동/서울서정초등학교),19870831
서울서진학교,특수학교,강서구,가양동,서울특별시 강서구 양천로55길 22,(가양동),20200301
서울서초초등학교,초등학교,서초구,서초동,서울특별시 서초구 서운로 178,(서초동/서초초등학교),19801004
서울석계초등학교,초등학교,성북구,석관동,서울특별시 성북구 한천로58길 273,(석관동),20050301
서울석관초등학교,초등학교,성북구,석관동,서울특별시 성북구 돌곶이로22길 21,/ 서울석관초등학교 (석관동/서울석관초등학교),19710525
서울석촌초등학교,초등학교,송파구,석촌동,서울특별시 송파구 가락로11길 26,/ 서울석촌초등학교 (석촌동),19890807
서울선곡초등학교,초등학교,노원구,월계동,서울특별시 노원구 광운로2길 1,/ 서울선곡초등학교 (월계동),19740901
서울선린초등학교,초등학교,강동구,둔촌동,서울특별시 강동구 진황도로61길 29,/ 서울선린초등학교 (둔촌동),19850701
서울선사초등학교,초등학교,강동구,암사동,서울특별시 강동구 올림픽로 837,/ 서울선사초등학교 (암사동/ 서울선사초등학교),20010901
서울선유초등학교,초등학교,영등포구,양평동,서울특별시 영등포구 선유로43가길 14,(양평동3가/ 서울선유초등학교),20070301
서울성내초등학교,초등학교,강동구,성내동,서울특별시 강동구 성내로3길 19,(성내동/ 서울성내초등학교),19690301
서울성북초등학교,초등학교,성북구,성북동,서울특별시 성북구 성북로 102-10,(성북동/서울성북초등학교),19460901
서울성산초등학교,초등학교,마포구,합정동,서울특별시 마포구 양화로3길 94,/ 서울성산초등학교 (합정동),19690301
서울성서초등학교,초등학교,마포구,성산동,서울특별시 마포구 성미산로7길 24,(성산동),19831203
서울성수초등학교,초등학교,성동구,성수동,서울특별시 성동구 아차산로17길 21,(성수동2가),19720901
서울성원초등학교,초등학교,마포구,성산동,서울특별시 마포구 월드컵로36길 34,(성산동),19861022
서울성일초등학교,초등학교,강동구,성내동,서울특별시 강동구 성내로15길 33,/ 서울성일초등학교 (성내동),19831006
서울성자초등학교,초등학교,광진구,자양동,서울특별시 광진구 뚝섬로56길 7,/ 서울성자초등학교 (자양동),19840518
서울세검정초등학교,초등학교,종로구,신영동,서울특별시 종로구 세검정로9길 1,(신영동/서울세검정초등학교),19481124
서울세곡초등학교,초등학교,구로구,고척동,서울특별시 구로구 고척로33길 34,(고척동/세곡초등학교),19721101
서울세륜초등학교,초등학교,송파구,방이동,서울특별시 송파구 양재대로 1264,/ 서울세륜초등학교 (방이동),19881208
서울세명초등학교,초등학교,강남구,세곡동,서울특별시 강남구 자곡로 55,/ 서울세명초등학교 (세곡동),20120830
서울세종고등학교,고등학교,강남구,수서동,서울특별시 강남구 광평로51길 36,/ 서울세종고등학교 (수서동),19581228
서울소의초등학교,초등학교,마포구,아현동,서울특별시 마포구 마포대로24길 42,(아현동/소의초등학교),19330501
서울송례초등학교,초등학교,송파구,장지동,서울특별시 송파구 위례순환로 439 ,(장지동),20140301
서울송원초등학교,초등학교,성동구,송정동,서울특별시 성동구 동일로43길 9,(송정동),20090301
서울송전초등학교,초등학교,송파구,잠실동,서울특별시 송파구 석촌호수로 159,(잠실동),19780511
서울송정초등학교,초등학교,강서구,공항동,서울특별시 강서구 공항대로3길 18,(공항동),19360906
서울송중초등학교,초등학교,강북구,미아동,서울특별시 강북구 오현로 9,(미아동/송중초등학교),19830701
서울송천초등학교,초등학교,강북구,미아동,서울특별시 강북구 삼양로20길 29,(미아동/서울송천초등학교),19661216
서울송파초등학교,초등학교,송파구,송파동,서울특별시 송파구 백제고분로 400,(송파동),19851021
서울송화초등학교,초등학교,강서구,방화동,서울특별시 강서구 방화대로34길 2,(방화동/송화초등학교),19900120
서울수락초등학교,초등학교,노원구,상계동,서울특별시 노원구 동일로 1745,(상계동/서울수락초등학교),19830406
서울수리초등학교,초등학교,은평구,불광동,서울특별시 은평구 불광로14길 10-10,(불광동),20110301
서울수명초등학교,초등학교,강서구,내발산동,서울특별시 강서구 수명로1길 84,(내발산동),20080301
서울수색초등학교,초등학교,은평구,수색동,서울특별시 은평구 수색로16길 21,(수색동),19350401
서울수서초등학교,초등학교,강남구,수서동,서울특별시 강남구 광평로51길 46,(수서동/수서초등학교),19920715
서울수송초등학교,초등학교,강북구,번동,서울특별시 강북구 한천로124길 14,(번동),20010901
서울수암초등학교,초등학교,노원구,중계동,서울특별시 노원구 중계로12길 9,(중계동/수암초등학교),20000301
서울수유초등학교,초등학교,강북구,,서울특별시 강북구 삼양로74길 39,/ 수유초등학교 ,19670309
서울숭곡초등학교,초등학교,성북구,하월곡동,서울특별시 성북구 종암로40길 30,(하월곡동/서울숭곡초등학교),19720301
서울숭덕초등학교,초등학교,성북구,정릉동,서울특별시 성북구 정릉로 279,(정릉동/서울숭덕초등학교),19450514
서울숭례초등학교,초등학교,성북구,종암동,서울특별시 성북구 종암로5길 14,(종암동/서울숭례초등학교),19451101
서울숭미초등학교,초등학교,도봉구,쌍문동,서울특별시 도봉구 노해로 179,(쌍문동/숭미초등학교),19810610
서울숭신초등학교,초등학교,성동구,하왕십리동,서울특별시 성동구 마장로 161,(하왕십리동),19590403
서울숭인초등학교,초등학교,성북구,하월곡동,서울특별시 성북구 오패산로16길 37,(하월곡동/서울숭인초등학교),19370401
서울시흥초등학교,초등학교,금천구,시흥동,서울특별시 금천구 독산로23길 26,/ 서울시흥초등학교 (시흥동),19110701
서울신가초등학교,초등학교,송파구,가락동,서울특별시 송파구 송이로 75,/ 서울신가초등학교 (가락동),19880802
서울신강초등학교,초등학교,양천구,신월동,서울특별시 양천구 중앙로55길 72,/ 서울신강초등학교 (신월동/서울신강초등학교),19831203
서울신계초등학교,초등학교,노원구,월계동,서울특별시 노원구 초안산로 29,(월계동/신계초등학교),19810701
서울신곡초등학교,초등학교,강서구,화곡동,서울특별시 강서구 등촌로13자길 42-14,(화곡동/신곡초등학교),19830617
서울신구로초등학교,초등학교,구로구,구로동,서울특별시 구로구 가마산로27길 69,(구로동/서울신구로초등학교),19821026
서울신구초등학교,초등학교,강남구,신사동,서울특별시 강남구 압구정로18길 28,(신사동/신구초등학교),19811103
서울신기초등학교,초등학교,양천구,신정동,서울특별시 양천구 신정로 292,(신정동/서울신기초등학교),20000502
서울신길초등학교,초등학교,동작구,대방동,서울특별시 동작구 알마타길 16,(대방동),19640312
서울신남성초등학교,초등학교,동작구,사당동,서울특별시 동작구 사당로 146,(사당동),19750311
서울신남초등학교,초등학교,양천구,신월동,서울특별시 양천구 남부순환로83길,/ 44 (신월동),19831024
서울신내초등학교,초등학교,중랑구,신내동,서울특별시 중랑구 용마산로125나길 22,(신내동/신내초등학교),19940105
서울신답초등학교,초등학교,동대문구,답십리동,서울특별시 동대문구 천호대로 177,(답십리동/서울신답초등학교),19710901
서울신당초등학교,초등학교,중구,신당동,서울특별시 중구 난계로 141,(신당동),20070214
서울신대림초등학교,초등학교,영등포구,대림동,서울특별시 영등포구 대림로8길 25,(대림동),19950110
서울신도림초등학교,초등학교,구로구,신도림동,서울특별시 구로구 신도림로19길 44,/ 서울신도림초등학교 (신도림동),19821022
서울신도초등학교,초등학교,은평구,진관동,서울특별시 은평구 진관1로 77-23,/ 서울신도초등학교 (진관동),19281201
서울신동초등학교,초등학교,서초구,잠원동,서울특별시 서초구 나루터로 15,(잠원동/신동초등학교),19460402
서울신림초등학교,초등학교,관악구,신림동,서울특별시 관악구 문성로28길 31,/ 서울신림초등학교 (신림동),19700525
서울신명초등학교,초등학교,강동구,길동,서울특별시 강동구 명일로24길 33,/ 서울신명초등학교 (길동),19820504
서울신목초등학교,초등학교,양천구,신정동,서울특별시 양천구 신목로5길 11-6,(신정동/서울신목초등학교),19820408
서울신묵초등학교,초등학교,중랑구,묵동,서울특별시 중랑구 동일로149길 46,(묵동/신묵초등학교),19841205
서울신미림초등학교,초등학교,구로구,신도림동,서울특별시 구로구 신도림로 26,(신도림동/ 신미림초등학교),20020301
서울신방학초등학교,초등학교,도봉구,방학동,서울특별시 도봉구 시루봉로 173,/ 서울신방학초등학교 (방학동),19860424
서울신봉초등학교,초등학교,관악구,봉천동,서울특별시 관악구 양녕로6나길 1,(봉천동),19810713
서울신북초등학교,초등학교,마포구,중동,서울특별시 마포구 월드컵북로38길 26,/ 서울신북초등학교 (중동),19821101
서울신사초등학교,초등학교,은평구,신사동,서울특별시 은평구 가좌로 275-2,/ 서울신사초등학교 (신사동),19801024
서울신상계초등학교,초등학교,노원구,상계동,서울특별시 노원구 상계로 267,/ 신상계초등학교 (상계동),19700522
서울신상도초등학교,초등학교,동작구,상도동,서울특별시 동작구 장승배기로 14,(상도동/서울신상도초등학교),19810909
서울신서초등학교,초등학교,양천구,신정동,서울특별시 양천구 목동서로10길 35,(신정동 312-1번지),19871022
서울신석초등학교,초등학교,마포구,신수동,서울특별시 마포구 대흥로 33,/ 서울신석초등학교 (신수동),19640310
서울신성초등학교,초등학교,관악구,신림동,서울특별시 관악구 신림로 114,/ 서울신성초등학교 (신림동),19820707
서울신암초등학교,초등학교,강동구,암사동,서울특별시 강동구 올림픽로93길 33-16,/ 서울신암초등학교 (암사동),19801025
서울신양초등학교,초등학교,광진구,자양동,서울특별시 광진구 능동로 42,/ 신양초등학교 (자양동),19790411
서울신영초등학교,초등학교,영등포구,대림동,서울특별시 영등포구 도신로4길 32,(대림동/신영초등학교),19820707
서울신용산초등학교,초등학교,용산구,이촌동,서울특별시 용산구 이촌로 255,/ 301-75번지 (이촌동),19680925
서울신우초등학교,초등학교,관악구,신림동,서울특별시 관악구 호암로 498,/ 신우초등학교 (신림동),19770901
서울신원초등학교,초등학교,양천구,신월동,서울특별시 양천구 남부순환로58길 32,(신월동/서울신원초등학교),19811012
서울신월초등학교,초등학교,강서구,화곡동,서울특별시 강서구 강서로31길 48,(화곡동/신월초등학교),19750311
서울신은초등학교,초등학교,양천구,신정동,서울특별시 양천구 신정이펜2로 30,(신정동),20110901
서울신자초등학교,초등학교,광진구,자양동,서울특별시 광진구 뚝섬로46길 64,/ 서울신자초등학교 (자양동),19821207
서울신정고등학교,고등학교,강서구,화곡동,서울특별시 강서구 등촌로13아길 20,(화곡동/ 서울신정고등학교),19780130
서울신정초등학교,초등학교,강서구,화곡동,서울특별시 강서구 곰달래로31가길 27,(화곡동),19491001
서울신중초등학교,초등학교,서초구,서초동,서울특별시 서초구 남부순환로317길 15,(서초동/서울신중초등학교),19360601
서울신창초등학교,초등학교,도봉구,창동,서울특별시 도봉구 덕릉로60길 93,/ 신창초등학교 (창동),19710105
서울신천초등학교,초등학교,송파구,잠실동,서울특별시 송파구 올림픽로 215,(잠실동/ 주공아파트),19590526
서울신학초등학교,초등학교,도봉구,방학동,서울특별시 도봉구 방학로 247-21,(방학동),19880109
서울신현초등학교,초등학교,중랑구,신내동,서울특별시 중랑구 봉화산로 188,(신내동),19950105
서울신화초등학교,초등학교,도봉구,창동,서울특별시 도봉구 우이천로 120,/ 신화초등학교 (창동),19840730
서울신흥초등학교,초등학교,금천구,시흥동,서울특별시 금천구 독산로36나길 21,(시흥동/ 신흥초등학교),19911030
서울실용음악고등학교,각종학교(고),중구,신당동,서울특별시 중구 퇴계로88가길 8,(신당동/서울실용음악고등학교),20090301
서울쌍문초등학교,초등학교,도봉구,쌍문동,서울특별시 도봉구 우이천로 360,/ 서울쌍문초등학교 (쌍문동/쌍문초등학교),19740430
서울아이티고등학교,고등학교,노원구,중계동,서울특별시 노원구 섬밭로 299,(중계동/서울아이티고등학교),19921030
서울아주초등학교,초등학교,송파구,잠실동,서울특별시 송파구 올림픽로4길 59,/ 서울아주초등학교 (잠실동),19861217
서울아현초등학교,초등학교,마포구,아현동,서울특별시 마포구 굴레방로 6,(아현동),19250402
서울안산초등학교,초등학교,서대문구,홍제동,서울특별시 서대문구 통일로 321,(홍제동),19360619
서울안암초등학교,초등학교,성북구,안암동,서울특별시 성북구 고려대로7가길 39,(안암동2가/ 서울안암초등학교),19560324
서울안천초등학교,초등학교,금천구,독산동,서울특별시 금천구 한내로 69-16,/ 서울안천초등학교 (독산동),19910121
서울안평초등학교,초등학교,동대문구,장안동,서울특별시 동대문구 장한로14길 61,/ 서울안평초등학교 (장안동),19900716
서울압구정초등학교,초등학교,강남구,압구정동,서울특별시 강남구 압구정로39길 29,(압구정동/압구정초등학교),19760820
서울애화학교,특수학교,강북구,미아동,서울특별시 강북구 솔매로52길 31,/ 서울애화학교 (미아동),19751201
서울양강초등학교,초등학교,양천구,신월동,서울특별시 양천구 오목로 101,(신월동/ 서울양강초등학교),19870423
서울양남초등학교,초등학교,광진구,자양동,서울특별시 광진구 뚝섬로64길 71,/ (자양동/ 서울양남초등학교) ,19831203
서울양동초등학교,초등학교,양천구,신정동,서울특별시 양천구 오목로23길 24,(신정동),19720811
서울양명초등학교,초등학교,양천구,신정동,서울특별시 양천구 중앙로 204,(신정동/양명초등학교),19821110
서울양목초등학교,초등학교,양천구,신정동,서울특별시 양천구 목동로11길 30,(신정동/ 서울양목초등학교),19800417
서울양원숲초등학교,초등학교,중랑구,망우동,서울특별시 중랑구 양원역로 95,(망우동/ 서울양원숲초등학교),20220301
서울양원초등학교,초등학교,양천구,신월동,서울특별시 양천구 화곡로 16,(신월동/서울양원초등학교),19901201
서울양재초등학교,초등학교,서초구,양재동,서울특별시 서초구 바우뫼로18길 14,(양재동/양재초등학교),19830719
서울양전초등학교,초등학교,강남구,,서울특별시 강남구 개포로 513,/ 서울양전초등학교 ,19881221
서울양진초등학교,초등학교,광진구,광장동,서울특별시 광진구 워커힐로 32,(광장동/양진초중학교),20050301
서울양천초등학교,초등학교,강서구,가양동,서울특별시 강서구 양천로 329,(가양동/양천초등학교),19000401
서울양화초등학교,초등학교,양천구,목동,서울특별시 양천구 목동중앙북로16길 57,(목동/서울양화초등학교),19780803
서울어울초등학교,초등학교,은평구,녹번동,서울특별시 은평구 통일로 650,/ 서울어울초등학교 (녹번동),20180901
서울언남초등학교,초등학교,서초구,내곡동,서울특별시 서초구 헌릉로8길 42,(내곡동),19340416
서울언북초등학교,초등학교,강남구,청담동,서울특별시 강남구 삼성로135길 42,(청담동/언북초등학교),19450401
서울언주초등학교,초등학교,강남구,도곡동,서울특별시 강남구 남부순환로363길 19,(도곡동/언주초등학교),19270916
서울여의도초등학교,초등학교,영등포구,여의도동,서울특별시 영등포구 여의대방로 439,/ 서울여의도초등학교 (여의도동),19711101
서울여자고등학교,고등학교,마포구,염리동,서울특별시 마포구 백범로25길 34,/ 서울여자고등학교 (염리동),19580415
서울여자상업고등학교,고등학교,관악구,봉천동,서울특별시 관악구 관악로 85,(봉천동/서울여자상업고등학교),19260929
서울여자중학교,중학교,마포구,염리동,서울특별시 마포구 백범로25길 34,/ 서울여자중학교 (염리동),19550302
서울역삼초등학교,초등학교,강남구,역삼동,서울특별시 강남구 강남대로66길 21,(역삼동/역삼초등학교),19780721
서울역촌초등학교,초등학교,은평구,역촌동,서울특별시 은평구 은평로3길 25,/ 서울역촌초등학교 (역촌동/서울역촌초등학교),19721201
서울연가초등학교,초등학교,서대문구,남가좌동,서울특별시 서대문구 증가로12가길 49-50,/ 연가초등학교 (남가좌동),19721130
서울연광초등학교,초등학교,은평구,불광동,서울특별시 은평구 연서로35길 37,/ 서울연광초등학교 (불광동),20040301
서울연신초등학교,초등학교,은평구,불광동,서울특별시 은평구 연서로 347,(불광동),19760318
서울연은초등학교,초등학교,은평구,응암동,서울특별시 은평구 백련산로2길 35,/ 서울연은초등학교 (응암동),19831020
서울연지초등학교,초등학교,노원구,월계동,서울특별시 노원구 월계로55길 48,(월계동),19980301
서울연천초등학교,초등학교,은평구,불광동,서울특별시 은평구 연서로34길 22,/ 연천초등학교 (불광동),19841205
서울연촌초등학교,초등학교,노원구,하계동,서울특별시 노원구 공릉로58길 36,/ 서울연촌초등학교 (하계동),19451110
서울연희초등학교,초등학교,서대문구,연희동,서울특별시 서대문구 연희로 136,(연희동/ 서울연희초등학교),19681207
서울염경초등학교,초등학교,강서구,염창동,서울특별시 강서구 양천로69길 49,(염창동/서울염경초등학교),20050901
서울염동초등학교,초등학교,강서구,염창동,서울특별시 강서구 양천로73길 17,(염창동/염동초등학교),19970516
서울염리초등학교,초등학교,마포구,염리동,서울특별시 마포구 토정로37길 37,/ 서울염리초등학교 (염리동),19830803
서울염창초등학교,초등학교,강서구,염창동,서울특별시 강서구 양천로 646-28,(염창동/ 염창초등학교),19630518
서울영남초등학교,초등학교,금천구,독산동,서울특별시 금천구 문성로 62-15,(독산동),19560326
서울영도초등학교,초등학교,양천구,목동,서울특별시 양천구 목동중앙로 70,/ 서울영도초등학교 (목동/서울영도초등학교),19861004
서울영동초등학교,초등학교,영등포구,당산동,서울특별시 영등포구 국회대로53길 20,/ (당산동/ 영동초등학교) (당산동),19560517
서울영등포초등학교,초등학교,영등포구,문래동,서울특별시 영등포구 경인로 756,(문래동1가),19451101
서울영림초등학교,초등학교,영등포구,대림동,서울특별시 영등포구 시흥대로173길 14,/ 서울영림초등학교 (대림동),19820707
서울영문초등학교,초등학교,영등포구,문래동,서울특별시 영등포구 문래로 56,/ 서울영문초등학교 (문래동6가),20050105
서울영본초등학교,초등학교,동작구,본동,서울특별시 동작구 만양로12가길 69,/ 서울영본초등학교 (본동),19671127
서울영상고등학교,고등학교,양천구,신정동,서울특별시 양천구 목동로11길 46,/ 서울영상고등학교 (신정동),19611208
서울영서초등학교,초등학교,구로구,구로동,서울특별시 구로구 도림로20길 57,/ 영서초등학교 (구로동),19790202
서울영신초등학교,초등학교,영등포구,신길동,서울특별시 영등포구 도신로60길 23,(신길동),19671127
서울영원초등학교,초등학교,영등포구,도림동,서울특별시 영등포구 도영로 22길 31,(도림동),20020901
서울영일초등학교,초등학교,구로구,가리봉동,서울특별시 구로구 남부순환로105길 218,/ 서울영일초등학교 (가리봉동),19671129
서울영중초등학교,초등학교,영등포구,영등포동,서울특별시 영등포구 양산로 185,/ 서울영중초등학교 (영등포동7가),19490401
서울영풍초등학교,초등학교,송파구,거여동,서울특별시 송파구 오금로57길 15,/ 서울영풍초등학교 (거여동),19821010
서울영화초등학교,초등학교,동작구,대방동,서울특별시 동작구 등용로8길 3,/ 서울영화초등학교 (대방동),19620903
서울영희초등학교,초등학교,강남구,일원동,서울특별시 강남구 일원로 21,(일원동/영희초등학교),19461001
서울예술고등학교,고등학교,종로구,평창동,서울특별시 종로구 평창문화로 70,/ 서울예술고등학교 (평창동),19530321
서울오금초등학교,초등학교,송파구,오금동,서울특별시 송파구 위례성대로22길 11,(오금동/ 서울오금초등학교),19930720
서울오류남초등학교,초등학교,구로구,오류동,서울특별시 구로구 서해안로24길 22,(오류동/ 오류남초등학교),19820408
서울오류초등학교,초등학교,구로구,오류동,서울특별시 구로구 경인로19길 39,/ 서울오류초등학교 (오류동),19430523
서울오륜초등학교,초등학교,송파구,방이동,서울특별시 송파구 양재대로 1196,/ 서울오륜초등학교 (방이동),19881208
서울오봉초등학교,초등학교,도봉구,도봉동,서울특별시 도봉구 시루봉로 285,/ 서울오봉초등학교 (도봉동),20000301
서울오정초등학교,초등학교,구로구,오류동,서울특별시 구로구 경인로2길 10,/ 서울오정초등학교 (오류동),19860109
서울오현초등학교,초등학교,강북구,번동,서울특별시 강북구 월계로 221,(번동/오현초등학교),19911002
서울옥수초등학교,초등학교,성동구,금호동,서울특별시 성동구 금호로1길 25,/ 옥수초등학교 (금호동4가),19670327
서울옥정초등학교,초등학교,성동구,옥수동,서울특별시 성동구 한림말길 43,(옥수동/옥정초등학교),19710522
서울온곡초등학교,초등학교,노원구,상계동,서울특별시 노원구 한글비석로52길 59,(상계동/온곡초등학교),19880209
서울온라인학교,각종학교(고),성동구,행당동,서울특별시 성동구 왕십리로 199,(행당동),20250301
서울온수초등학교,초등학교,구로구,온수동,서울특별시 구로구 부일로 893,(온수동),19840127
서울왕북초등학교,초등학교,강남구,수서동,서울특별시 강남구 광평로31길 74,(수서동/왕북초등학교),19631031
서울외국어고등학교,고등학교,도봉구,창동,서울특별시 도봉구 덕릉로66길 22,(창동),19931005
서울외국인학교,외국인학교,서대문구,연희동,서울특별시 서대문구 연희로22길 39,(연희동),19120501
서울용강초등학교,초등학교,마포구,대흥동,서울특별시 마포구 백범로17길 9,(대흥동),19160426
서울용곡초등학교,초등학교,광진구,중곡동,서울특별시 광진구 용마산로22길 82,/ 서울용곡초등학교 (중곡동),19780213
서울용답초등학교,초등학교,성동구,,서울특별시 성동구 용답25길 1,/ 서울용답초등학교 ,19830420
서울용동초등학교,초등학교,노원구,중계동,서울특별시 노원구 한글비석로1길 81-11,(중계동/용동초등학교),19910325
서울용두초등학교,초등학교,동대문구,용두동,서울특별시 동대문구 천호대로13길 43,(용두동),19481101
서울용마초등학교,초등학교,광진구,중곡동,서울특별시 광진구 천호대로113길 10,(중곡동),19720801
서울용산국제학교,외국인학교,용산구,한남동,서울특별시 용산구 이태원로 285,(한남동),20060808
서울용산초등학교,초등학교,,,서울 용산구 한강대로57길 33,(한강로2가/용산초등학교),19451101
서울용암초등학교,초등학교,용산구,용산동,서울특별시 용산구 녹사평대로60길 39,(용산동2가/ 용암초등학교),19650926
서울용원초등학교,초등학교,노원구,공릉동,서울특별시 노원구 섬밭로 144,/ 용원초등학교 (공릉동/ 서울용원초등학교),19950625
서울우면초등학교,초등학교,서초구,,서울특별시 서초구 태봉로,59,20120301
서울우솔초등학교,초등학교,서초구,우면동,서울특별시 서초구 양재대로2길 74,/ 서울우솔초등학교 (우면동),20130301
서울우신초등학교,초등학교,영등포구,신길동,서울특별시 영등포구 신길로 190,(신길동/우신초등학교),19150305
서울우암초등학교,초등학교,서초구,우면동,서울특별시 서초구 바우뫼로7길 38,(우면동/우암초등학교),19940805
서울우이초등학교,초등학교,강북구,수유동,서울특별시 강북구 삼양로99길 36,(수유동/서울우이초등학교),19491002
서울우장초등학교,초등학교,강서구,화곡동,서울특별시 강서구 화곡로 263,(화곡동/우장초등학교),19830610
서울원광초등학교,초등학교,노원구,중계동,서울특별시 노원구 덕릉로76길 18,(중계동/원광초등학교),19911030
서울원당초등학교,초등학교,관악구,봉천동,서울특별시 관악구 봉천로 505,(봉천동),19721209
서울원명초등학교,초등학교,서초구,서초동,서울특별시 서초구 고무래로 90-6,(서초동/원명초등학교),19890704
서울원묵초등학교,초등학교,중랑구,묵동,서울특별시 중랑구 숙선옹주로 109,/ 서울원묵초등학교 (묵동),19951110
서울원신초등학교,초등학교,관악구,신림동,서울특별시 관악구 광신길 177,/ 원신초등학교 (신림동),20020710
서울원촌초등학교,초등학교,서초구,반포동,서울특별시 서초구 사평대로45길 26,(반포동/서울원촌초등학교),19790918
서울원효초등학교,초등학교,용산구,산천동,서울특별시 용산구 효창원로13길 38,/ 서울원효초등학교 (산천동/원효초등학교),19830511
서울월계초등학교,초등학교,노원구,월계동,서울특별시 노원구 월계로45가길 10,(월계동/월계초등학교),19920715
서울월곡초등학교,초등학교,성북구,장위동,서울특별시 성북구 장월로3길 42,(장위동/서울월곡초등학교),19710901
서울월정초등학교,초등학교,강서구,화곡동,서울특별시 강서구 월정로 176,(화곡동/월정초등학교),19811226
서울월천초등학교,초등학교,도봉구,창동,서울특별시 도봉구 노해로70길 96,(창동/서울월천초등학교),19880928
서울월촌초등학교,초등학교,양천구,목동,서울특별시 양천구 목동중앙로 132,(목동/서울월촌초등학교),19851012
서울웹툰애니메이션고등학교,고등학교,서초구,방배동,서울특별시 서초구 과천대로 852-23,(방배동),19940105
서울위례별초등학교,초등학교,송파구,장지동,서울특별시 송파구 위례광장로 243,/ 서울위례별초등학교 (장지동),20160301
서울위례솔초등학교,초등학교,송파구,,서울특별시 송파구 위례북로2길 12,/ 12 ,20220301
서울위례초등학교,초등학교,강동구,둔촌동,서울특별시 강동구 명일로 23,(둔촌동),19811024
서울유현초등학교,초등학교,강북구,수유동,서울특별시 강북구 인수봉로37길 24,(수유동/서울유현초등학교),19740605
서울윤중초등학교,초등학교,영등포구,여의도동,서울특별시 영등포구 여의나루로2길 14,(여의도동),19791226
서울율현초등학교,초등학교,강남구,자곡동,서울특별시 강남구 밤고개로21길 15,/ 서울율현초등학교 (자곡동),20140828
서울은로초등학교,초등학교,동작구,흑석동,서울특별시 동작구 서달로 115,/ 서울은로초등학교 (흑석동),19081101
서울은명초등학교,초등학교,은평구,응암동,서울특별시 은평구 은평로4길 21-9,/ 서울은명초등학교 (응암동),20080716
서울은빛초등학교,초등학교,은평구,진관동,서울특별시 은평구 진관3로 73-17,(진관동),20110113
서울은정초등학교,초등학교,양천구,,서울특별시 양천구 목동남로 85,서울은정초등학교,19960710
서울은진초등학교,초등학교,은평구,진관동,서울특별시 은평구 진관1로 21-20,/ 은진초등학교 (진관동),20081231
서울은천초등학교,초등학교,관악구,봉천동,서울특별시 관악구 은천로 69,(봉천동),19580401
서울은평초등학교,초등학교,은평구,녹번동,서울특별시 은평구 은평로 239,(녹번동),19310401
서울을지초등학교,초등학교,노원구,중계동,서울특별시 노원구 중계로 239,(중계동),19940105
서울응봉초등학교,초등학교,성동구,응봉동,서울특별시 성동구 독서당로62길 28,(응봉동/ 응봉초등학교),20020712
서울응암초등학교,초등학교,은평구,응암동,서울특별시 은평구 가좌로6길 20,/ 서울응암초등학교 (응암동),19621112
서울의료보건고등학교,고등학교,중구,만리동,서울특별시 중구 만리재로37길 30,(만리동1가),19710531
서울이문초등학교,초등학교,동대문구,이문동,서울특별시 동대문구 신이문로 16,(이문동/ 서울이문초등학교),19670711
서울이수초등학교,초등학교,서초구,방배동,서울특별시 서초구 방배천로4길 23,서울이수초등학교 (방배동/이수초등학교),19770901
서울이태원초등학교,초등학교,용산구,이태원동,서울특별시 용산구 녹사평대로40길 19,(이태원동/이태원초등학교),19430501
서울인공지능고등학교,고등학교,송파구,거여동,서울특별시 송파구 양산로 21,(거여동),19910301
서울인수초등학교,초등학교,강북구,수유동,서울특별시 강북구 인수봉로 269,(수유동/서울인수초등학교),19820707
서울인왕초등학교,초등학교,서대문구,홍제동,서울특별시 서대문구 세무서길 33-9,(홍제동/서울인왕초등학교),19621112
서울인헌초등학교,초등학교,관악구,봉천동,서울특별시 관악구 낙성대로 23,(봉천동),19791231
서울일본인학교,외국인학교,마포구,상암동,서울특별시 마포구 월드컵북로62길 11,/ 일본인학교 (상암동),19720508
서울일신초등학교,초등학교,성북구,종암동,서울특별시 성북구 월곡로 74,(종암동/서울일신초등학교),20000901
서울일원초등학교,초등학교,강남구,일원동,서울특별시 강남구 영동대로4길 20,(일원동/일원초등학교),19841010
서울자곡초등학교,초등학교,강남구,자곡동,서울특별시 강남구 자곡로 150,(자곡동),20140901
서울자양초등학교,초등학교,광진구,자양동,서울특별시 광진구 아차산로44길 26,(자양동),19451210
서울자운초등학교,초등학교,도봉구,창동,서울특별시 도봉구 마들로13길 166,/ 서울자운초등학교 (창동),19970105
서울잠동초등학교,초등학교,송파구,신천동,서울특별시 송파구 올림픽로35길 122,(신천동/ 잠동초등학교),19800929
서울잠신초등학교,초등학교,송파구,잠실동,서울특별시 송파구 잠실로 32,/ 서울잠신초등학교 (잠실동),19810805
서울잠실초등학교,초등학교,송파구,신천동,서울특별시 송파구 올림픽로35길 20,(신천동/잠실초등학교),19751101
서울잠원초등학교,초등학교,서초구,반포동,서울특별시 서초구 신반포로16길 15-25,(반포동/ 잠원초등학교),19780830
서울잠일초등학교,초등학교,송파구,잠실동,서울특별시 송파구 올림픽로 95,/ 서울잠일초등학교 (잠실동),19760312
서울잠전초등학교,초등학교,송파구,잠실동,서울특별시 송파구 올림픽로12길 51,/ 서울잠전초등학교 (잠실동),19810909
서울잠현초등학교,초등학교,송파구,신천동,서울특별시 송파구 올림픽로37길 109,/ 서울잠현초등학교 (신천동),20080717
서울장곡초등학교,초등학교,성북구,장위동,서울특별시 성북구 장월로23길 16,(장위동/서울장곡초등학교),19780222
서울장수초등학교,초등학교,양천구,신정동,서울특별시 양천구 신정로13가길 30,(신정동),20051229
서울장안초등학교,초등학교,광진구,군자동,서울특별시 광진구 군자로 74,(군자동),19550319
서울장월초등학교,초등학교,성북구,장위동,서울특별시 성북구 한천로101길 66,(장위동/ 서울장월초등학교),20060719
서울장위초등학교,초등학교,성북구,장위동,서울특별시 성북구 장월로8가길 41,(장위동/서울장위초등학교),19461211
서울장충초등학교,초등학교,중구,신당동,서울특별시 중구 청구로17길 40,/ 서울장충초등학교 (신당동),19531021
서울장평초등학교,초등학교,동대문구,전농동,서울특별시 동대문구 답십리로 ,", 69길 27 (전농동)",19800404
서울재동초등학교,초등학교,종로구,가회동,서울특별시 종로구 북촌로4길 7,/ 서울재동초등학교 (가회동),18950830
서울전곡초등학교,초등학교,동대문구,전농동,서울특별시 동대문구 전농로 172,(전농동),19590508
서울전농초등학교,초등학교,동대문구,전농동,서울특별시 동대문구 사가정로 66,/ 서울전농초등학교 (전농동),19420408
서울전동초등학교,초등학교,동대문구,전농동,서울특별시 동대문구 전농로16길 61,/ 서울전동초등학교 (전농동),19681206
서울정곡초등학교,초등학교,강서구,방화동,서울특별시 강서구 방화대로50길 22,(방화동/정곡초등학교),19921001
서울정덕초등학교,초등학교,성북구,동소문동,서울특별시 성북구 아리랑로 63,(동소문동7가/서울정덕초등학교),19461101
서울정릉초등학교,초등학교,성북구,정릉동,서울특별시 성북구 솔샘로25가길 8,(정릉동/서울정릉초등학교),19850710
서울정목초등학교,초등학교,양천구,목동,서울특별시 양천구 목동중앙로3길 30-10,(목동/서울정목초등학교),19810921
서울정문학교,특수학교,관악구,신림동,서울특별시 관악구 난향3길 31,(신림동),19960115
서울정민학교,특수학교,노원구,하계동,서울특별시 노원구 공릉로58길 24,(하계동/ 서울정민학교),20001125
서울정수초등학교,초등학교,성북구,정릉동,서울특별시 성북구 정릉로24길 58,(정릉동/서울정수초등학교),19860406
서울정심초등학교,초등학교,금천구,독산동,서울특별시 금천구 독산로78다길 89,/ 정심초등학교 (독산동),19821110
서울정애학교,특수학교,강남구,삼성동,서울특별시 강남구 봉은사로81길 16,/ 서울정애학교 (삼성동),20000301
서울정인학교,특수학교,강북구,수유동,서울특별시 강북구 인수봉로 119-20,(수유동/ 정인학교),20000115
서울정진학교,특수학교,구로구,궁동,서울특별시 구로구 부일로9길 158,(궁동/ 서울정진학교),19870709
서울정화고등학교,고등학교,동대문구,제기동,서울특별시 동대문구 홍릉로15길 50,(제기동)정화여자상업고등학교,19080901
서울조원초등학교,초등학교,관악구,신림동,서울특별시 관악구 조원로 67,(신림동),20050301
서울종암초등학교,초등학교,동대문구,제기동,서울특별시 동대문구 무학로44길 25,(제기동),19220708
서울중계초등학교,초등학교,노원구,중계동,서울특별시 노원구 한글비석로19길 39,/ 서울중계초등학교 (중계동),19751002
서울중곡초등학교,초등학교,중랑구,면목동,서울특별시 중랑구 면목로23길 20,(면목동/중곡초등학교),19670905
서울중광초등학교,초등학교,광진구,중곡동,서울특별시 광진구 긴고랑로13길 59,(중곡동/중광초등학교),19980901
서울중대초등학교,초등학교,송파구,송파동,서울특별시 송파구 송파대로36길 8,(송파동),19241113
서울중동초등학교,초등학교,마포구,성산동,서울특별시 마포구 월드컵북로 152,(성산동),19770901
서울중랑초등학교,초등학교,중랑구,면목동,서울특별시 중랑구 봉우재로6길 26,(면목동/중랑초등학교),19720508
서울중마초등학교,초등학교,광진구,중곡동,서울특별시 광진구 동일로72길 43,(중곡동),19821110
서울중목초등학교,초등학교,중랑구,면목동,서울특별시 중랑구 동일로 665,/ 서울중목초등학교 (면목동),19971104
서울중원초등학교,초등학교,노원구,중계동,서울특별시 노원구 섬밭로 316,(중계동),19900407
서울중평초등학교,초등학교,노원구,하계동,서울특별시 노원구 섬밭로 241,/ 서울중평초등학교 (하계동),19880425
서울중현초등학교,초등학교,노원구,하계동,서울특별시 노원구 섬밭로 181,/ 서울중현초등학교 (하계동/중현초등학교),19891018
서울중화초등학교,초등학교,중랑구,신내동,서울특별시 중랑구 신내로7가길 22,/ 서울중화초등학교 (신내동),19461107
서울중흥초등학교,초등학교,중랑구,중화동,서울특별시 중랑구 봉화산로 82,/ 서울중흥초등학교 (중화동),19990726
서울증산초등학교,초등학교,은평구,증산동,서울특별시 은평구 증산서길 61,(증산동),19761126
서울지향초등학교,초등학교,양천구,신정동,서울특별시 양천구 신정로11길 74,/ 서울지향초등학교 (신정동/지향초등학교),20020901
서울진관초등학교,초등학교,은평구,진관동,서울특별시 은평구 진관4로 78-16,(진관동/진관초등학교),20080901
서울창경초등학교,초등학교,도봉구,쌍문동,서울특별시 도봉구 도봉로129길 54,"(쌍문동,창경초등학교)",19890901
서울창도초등학교,초등학교,도봉구,방학동,서울특별시 도봉구 방학로 32-28,(방학동/ 서울창도초등학교),19821007
서울창동초등학교,초등학교,도봉구,창동,서울특별시 도봉구 해등로16길 81,(창동),19300401
서울창림초등학교,초등학교,도봉구,창동,서울특별시 도봉구 덕릉로63길 46,(창동),19970604
서울창서초등학교,초등학교,서대문구,창천동,서울특별시 서대문구 연세로5나길 30-3,(창천동/ 서울창서초등학교),19611101
서울창신초등학교,초등학교,종로구,창신동,서울특별시 종로구 지봉로 73,/ 서울창신초등학교 (창신동),19160520
서울창원초등학교,초등학교,도봉구,창동,서울특별시 도봉구 해등로 103,(창동/서울창원초등학교),19900716
서울창일초등학교,초등학교,도봉구,창동,서울특별시 도봉구 노해로66길 84,/ 창일초등학교 (창동),19900716
서울창천초등학교,초등학교,마포구,노고산동,서울특별시 마포구 백범로1길 56,/ 서울창천초등학교 (노고산동),19400129
서울천동초등학교,초등학교,강동구,길동,서울특별시 강동구 성안로 200,/ 서울천동초등학교 (길동),19821207
서울천왕초등학교,초등학교,구로구,천왕동,서울특별시 구로구 천왕로1길 11,(천왕동),20110901
서울천이초등학교,초등학교,구로구,오류동,서울특별시 구로구 오류로 30,/ 서울천이초등학교 (오류동),20160329
서울천일초등학교,초등학교,강동구,천호동,서울특별시 강동구 구천면로 266,/ 서울천일초등학교 (천호동),19851017
서울천호초등학교,초등학교,강동구,천호동,서울특별시 강동구 구천면로 310-11,"(천호동,서울천호초등학교)",19440501
서울청계초등학교,초등학교,노원구,중계동,서울특별시 노원구 공릉로 431,/ 서울청계초등학교 (중계동),18950901
서울청구초등학교,초등학교,중구,신당동,서울특별시 중구 다산로 170,(신당동/청구초등학교),19370901
서울청담초등학교,초등학교,강남구,청담동,서울특별시 강남구 압구정로71길 9,(청담동/청담초등학교),19800301
서울청덕초등학교,초등학교,성북구,정릉동,서울특별시 성북구 정릉로9라길 11,(정릉동/서울청덕초등학교),19670910
서울청량초등학교,초등학교,동대문구,회기동,서울특별시 동대문구 회기로25길 31,(회기동/서울청량초등학교),19370405
서울청룡초등학교,초등학교,관악구,봉천동,서울특별시 관악구 관악로5길 61,(봉천동),19851018
서울청운초등학교,초등학교,종로구,청운동,서울특별시 종로구 자하문로 105,/ 청운초등학교 (청운동),19230401
서울청파초등학교,초등학교,용산구,청파동,서울특별시 용산구 효창원로 228,/ 서울청파초등학교 (청파동2가),19430120
서울체육고등학교,고등학교,송파구,방이동,서울특별시 송파구 강동대로 232,/ 서울체육고등학교 (방이동),19710320
서울체육중학교,중학교,송파구,방이동,서울특별시 송파구 강동대로 232,/ 서울체육중학교 (방이동),19710113
서울초당초등학교,초등학교,도봉구,방학동,서울특별시 도봉구 해등로32길 11,(방학동),19930720
서울충무초등학교,초등학교,,장충동,서울 중구 퇴계로50길 13,(장충동2가/충무초등학교),19570428
서울치현초등학교,초등학교,강서구,,서울특별시 강서구 방화대로47길 43,서울치현초등학교,19940105
서울컨벤션고등학교,고등학교,강동구,고덕동,서울특별시 강동구 동남로 964,/ 서울컨벤션고등학교 (고덕동),19611215
서울탑동초등학교,초등학교,금천구,시흥동,서울특별시 금천구 탑골로 47-3,(시흥동/ 탑동초등학교),19670915
서울탑산초등학교,초등학교,강서구,가양동,서울특별시 강서구 허준로 109,(가양동/탑산초등학교),19930805
서울태랑초등학교,초등학교,노원구,공릉동,서울특별시 노원구 화랑로51나길 31,/ 서울태랑초등학교 (공릉동),20010611
서울태릉초등학교,초등학교,노원구,공릉동,서울특별시 노원구 노원로1길 36,/ 서울태릉초등학교 (공릉동),19860117
서울토성초등학교,초등학교,송파구,풍납동,서울특별시 송파구 풍성로20길 44,/ 서울토성초등학교 (풍납동),19840421
서울평화초등학교,초등학교,송파구,가락동,서울특별시 송파구 송파대로26길 22,/ 서울평화초등학교 (가락동),19921021
서울포이초등학교,초등학교,강남구,개포동,서울특별시 강남구 개포로22길 87,/ 서울포이초등학교 (개포동/포이초등학교),19901024
서울풍납초등학교,초등학교,송파구,풍납동,서울특별시 송파구 풍성로 43,(풍납동),19800801
서울풍성초등학교,초등학교,송파구,풍납동,서울특별시 송파구 강동대로2길 13,/ (풍납동/풍성초등학교) ,19910424
서울프랑스학교,외국인학교,서초구,반포동,서울특별시 서초구 서래로 7,(반포동),20010407
서울하늘숲초등학교,초등학교,구로구,천왕동,서울특별시 구로구 오리로 1106,", 서울하늘숲초등학교 (천왕동)",20190501
서울하늘초등학교,초등학교,마포구,상암동,서울특별시 마포구 월드컵북로 502-14,/ 서울하늘초등학교 (상암동),20110301
서울학동초등학교,초등학교,강남구,논현동,서울특별시 강남구 선릉로115길 42,/ 서울학동초등학교 (논현동),19790126
서울한강초등학교,초등학교,용산구,,서울특별시 용산구 한강대로14길 9,/ 서울한강초등학교 (한강로3가),19590331
서울한남초등학교,초등학교,용산구,한남동,서울특별시 용산구 한남대로 112,/ 서울한남초등학교 (한남동),19210509
서울한산초등학교,초등학교,강동구,둔촌동,서울특별시 강동구 풍성로 261,(서울한산초등학교/ 둔촌동),19900501
서울한서초등학교,초등학교,마포구,염리동,서울특별시 마포구 대흥로24바길 27,/ 서울한서초 (염리동),19451101
서울한천초등학교,초등학교,노원구,월계동,서울특별시 노원구 마들로 45,/ 서울한천초등학교 (월계동),19831203
서울항동초등학교,초등학교,구로구,항동,서울특별시 구로구 연동로 178,(항동),20190301
서울해누리초등학교,초등학교,송파구,가락동,서울특별시 송파구 송파대로37길 95,(가락동),20190301
서울행당초등학교,초등학교,성동구,행당동,서울특별시 성동구 고산자로8길 6,/ 서울행당초등학교 (행당동),19621026
서울행림초등학교,초등학교,동작구,사당동,서울특별시 동작구 솔밭로 47,(사당동/행림초등학교),19920506
서울행현초등학교,초등학교,성동구,행당동,서울특별시 성동구 행당로 95,(행당동),20050714
서울혜화초등학교,초등학교,종로구,혜화동,서울특별시 종로구 혜화로 32,/ 서울혜화초등학교 (혜화동),19100125
서울홍릉초등학교,초등학교,동대문구,청량리동,서울특별시 동대문구 회기로 90,(청량리동),19670915
서울홍연초등학교,초등학교,서대문구,홍은동,서울특별시 서대문구 백련사길 55,/ 서울홍연초등학교 (홍은동),19750703
서울홍은초등학교,초등학교,서대문구,홍제동,서울특별시 서대문구 세검정로 105,/ 홍제동/서울홍은초등학교 (홍제동),19740306
서울홍제초등학교,초등학교,서대문구,홍은동,서울특별시 서대문구 홍은중앙로 13,/ 서울홍제초등학교 (홍은동),19370521
서울홍파초등학교,초등학교,동대문구,제기동,서울특별시 동대문구 고산자로 518,(제기동),19590508
서울화계초등학교,초등학교,강북구,미아동,서울특별시 강북구 솔매로50가길 25,(미아동),19670915
서울화곡초등학교,초등학교,강서구,화곡동,서울특별시 강서구 초록마을로 28,화곡동/화곡초등학교,19670331
서울화일초등학교,초등학교,강서구,화곡동,서울특별시 강서구 까치산로10길 70,(화곡동/서울화일초등학교),20050105
서울효정학교,특수학교,강북구,미아동,서울특별시 강북구 삼양로63길 33,(미아동),20170901
서울효제초등학교,초등학교,종로구,효제동,서울특별시 종로구 대학로 12,/ 서울효제초등학교 (효제동),18951115
서울후암초등학교,초등학교,용산구,후암동,서울특별시 용산구 두텁바위로 140,/ 서울후암초등학교 (후암동),19670301
서울휘경초등학교,초등학교,동대문구,휘경동,서울특별시 동대문구 망우로6길 48,(휘경동/ 서울휘경초등학교),19591010
서울휘봉초등학교,초등학교,동대문구,휘경동,서울특별시 동대문구 장안벚꽃로 309,(휘경동/서울휘봉초등학교),20060301
서울흑석초등학교,초등학교,동작구,흑석동,서울특별시 동작구 현충로 87,/ 서울흑석초등학교 (흑석동),19680520
서울흥인초등학교,초등학교,중구,신당동,서울특별시 중구 청구로6길 11,(신당동/흥인초등학교),19461114
서일문화예술고등학교,고등학교,종로구,창신동,서울특별시 종로구 지봉로17길 49,(창신동),19661208
서일중학교,중학교,서초구,서초동,서울특별시 서초구 서운로21길 2,(서초동/서일중학교),19861217
서초고등학교,고등학교,서초구,서초동,서울특별시 서초구 반포대로27길 29,(서초동),19840112
서초문화예술정보학교,각종학교(고),서초구,서초동,서울특별시 서초구 남부순환로347길 69,(서초동),20140101
서초중학교,중학교,서초구,서초동,서울특별시 서초구 반포대로13길 48,(서초동/서초중학교),19790830
석관고등학교,고등학교,성북구,석관동,서울특별시 성북구 한천로70길 30,/ 석관고등학교 (석관동),19821130
석관중학교,중학교,성북구,석관동,서울특별시 성북구 한천로 526,(석관동/석관중학교),19821209
석촌중학교,중학교,송파구,가락동,서울특별시 송파구 송이로15길 13,(가락동),19820107
선덕고등학교,고등학교,도봉구,쌍문동,서울특별시 도봉구 시루봉로 53,/  선덕고등학교 (쌍문동),19821003
선덕중학교,중학교,도봉구,쌍문동,서울특별시 도봉구 시루봉로 53,/ 선덕중학교 (쌍문동),19790131
선린인터넷고등학교,고등학교,용산구,청파동,서울특별시 용산구 원효로97길 33-4,(청파동3가),18990624
선린중학교,중학교,용산구,청파동,서울특별시 용산구 원효로97길 33-4,(청파동3가),18990624
선사고등학교,고등학교,강동구,암사동,서울특별시 강동구 고덕로25길 17,/ 선사고등학교 (암사동),20110301
선유고등학교,고등학교,영등포구,양평동,서울특별시 영등포구 선유로 227,/ 선유고등학교 (양평동4가),20050105
선유중학교,중학교,영등포구,양평동,서울특별시 영등포구 선유로 213,(양평동3가),19850419
선일빅데이터고등학교,고등학교,은평구,갈현동,서울특별시 은평구 갈현로29길 27,/ 선일빅데이터고등학교 (갈현동),19850108
선일여자고등학교,고등학교,은평구,갈현동,서울특별시 은평구 갈현로29길 27,(갈현동),19711227
선일여자중학교,중학교,은평구,갈현동,서울특별시 은평구 갈현로29길 27,/ 선일여자중학교 (갈현동),19671028
선일초등학교,초등학교,은평구,갈현동,서울특별시 은평구 갈현로29길 27,/ 선일초등학교 (갈현동),19650907
선정고등학교,고등학교,은평구,갈현동,서울특별시 은평구 서오릉로20길 19,/ 선정고등학교 (갈현동),19500522
선정국제관광고등학교,고등학교,은평구,갈현동,서울특별시 은평구 서오릉로20길 19,/ 선정국제관광고등학교 (갈현동),19941005
선정중학교,중학교,은평구,갈현동,서울특별시 은평구 서오릉로20길 19,/ 선정중학교 (갈현동),19500522
선화예술고등학교,고등학교,광진구,능동,서울특별시 광진구 천호대로 664,(능동),19741201
선화예술중학교,각종학교(중),광진구,능동,서울특별시 광진구 천호대로 664,/ 선화예술중고등학교 (능동),19731201
성남고등학교,고등학교,동작구,대방동,서울특별시 동작구 대방동길 74,/ 성남고등학교 (대방동),19380224
성남중학교,중학교,동작구,대방동,서울특별시 동작구 대방동길 74,(대방동),19380425
성내중학교,중학교,강동구,성내동,서울특별시 강동구 성안로7길 36,(성내동/성내중학교),19841208
성덕고등학교,고등학교,강동구,천호동,서울특별시 강동구 구천면로 396,(천호동),19760601
성덕여자중학교,중학교,강동구,천호동,서울특별시 강동구 구천면로 396,(천호동/ 성덕여자중학교),19761228
성동고등학교,고등학교,중구,신당동,서울특별시 중구 퇴계로90길 17,/ 성동고등학교 (신당동),19490824
성동공업고등학교,고등학교,중구,흥인동,서울특별시 중구 다산로 290,(흥인동),19440401
성동글로벌경영고등학교,고등학교,중구,신당동,서울특별시 중구 퇴계로 375,(신당동/ 성동글로벌경영고등학교),19610303
성동초등학교,초등학교,광진구,자양동,서울특별시 광진구 자양로4길 63,(자양동),19661216
성베드로학교,특수학교,구로구,항동,서울특별시 구로구 연동로 320,/ 성베드로학교 (항동),19740523
성보고등학교,고등학교,관악구,신림동,서울특별시 관악구 남부순환로156길 39,(신림동/성보고등학교),19811231
성보중학교,중학교,관악구,신림동,서울특별시 관악구 남부순환로156길 39,성보중학교 (신림동),19811231
성사중학교,중학교,마포구,성산동,서울특별시 마포구 모래내로9길 16,/ 성사중학교 (성산동),19801227
성산중학교,중학교,마포구,합정동,서울특별시 마포구 성지1길 32-13,(합정동),19680117
성서중학교,중학교,마포구,성산동,서울특별시 마포구 성산로4길 42,(성산동),19840109
성수고등학교,고등학교,성동구,성수동,서울특별시 성동구 서울숲길 18,/ 성수고등학교 (성수동1가),20090301
성수중학교,중학교,성동구,성수동,서울특별시 성동구 서울숲길 18,(성수동1가/ 성수중학교),19671027
성신여자고등학교,고등학교,성북구,돈암동,서울특별시 성북구 동소문로26가길 80,(돈암동),19360428
성신여자중학교,중학교,성북구,돈암동,서울특별시 성북구 북악산로 918,(돈암동/성신여자중학교),19360428
성신초등학교,초등학교,성북구,돈암동,서울특별시 성북구 북악산로 918,(돈암동/성신초등학교),19650308
성심여자고등학교,고등학교,용산구,,서울특별시 용산구 원효로19길 49,/ 성심여자고등학교 (원효로4가),19600126
성심여자중학교,중학교,용산구,,서울특별시 용산구 원효로19길 49,/ 성심여자중학교 (원효로4가),19570525
성암국제무역고등학교,고등학교,강북구,미아동,서울특별시 강북구 도봉로29길 52,(미아동/ 성암국제무역고등학교),19600219
성암여자중학교,중학교,강북구,미아동,서울특별시 강북구 도봉로29길 52,(미아동/학교법인성암학원),19600114
성원중학교,중학교,성동구,성수동,서울특별시 성동구 성덕정9가길 13,(성수동2가/ 성원중학교),19680806
성일중학교,중학교,동대문구,제기동,서울특별시 동대문구 왕산로23길 55,(제기동),19691101
성재중학교,중학교,강서구,가양동,서울특별시 강서구 허준로 36,(가양동/성재중학교),19950110
세곡중학교,중학교,강남구,자곡동,서울특별시 강남구 자곡로 81,(자곡동/ 세곡중학교),20121227
세그루패션디자인고등학교,고등학교,도봉구,쌍문동,서울특별시 도봉구 시루봉로 53,/ 세그루패션디자인고등학교 (쌍문동),19741227
세륜중학교,중학교,송파구,오금동,서울특별시 송파구 양재대로72길 41,(오금동/세륜중학교),19911030
세명컴퓨터고등학교,고등학교,은평구,불광동,서울특별시 은평구 통일로92가길 33,/ 세명컴퓨터고등학교 (불광동),19740429
세일중학교,중학교,금천구,독산동,서울특별시 금천구 시흥대로147길 34,(독산동),19680806
세종과학고등학교,고등학교,구로구,궁동,서울특별시 구로구 오리로21길 79,(궁동),20080301
세종초등학교,초등학교,광진구,군자동,서울특별시 광진구 군자로 114,/ 세종초등학교 (군자동),19621004
세현고등학교,고등학교,강서구,가양동,서울특별시 강서구 허준로 227,/ 세현고등학교 (가양동),20060301
세화고등학교,고등학교,서초구,반포동,서울특별시 서초구 신반포로 56-7,(반포동),19861230
세화여자고등학교,고등학교,서초구,,서울특별시 서초구 신반포로 56-7,/ 세화여자고등학교 ,19771230
세화여자중학교,중학교,서초구,반포동,서울특별시 서초구 신반포로 56-7,/ 세화여자중학교 (반포동/강당),19780218
솔샘고등학교,고등학교,강북구,,서울특별시 강북구 인수봉로 39,/ 솔샘고등학교 ,20090301
솔샘중학교,중학교,강북구,미아동,서울특별시 강북구 인수봉로 39,(미아동/ 솔샘중.고등학교),20090301
송곡고등학교,고등학교,중랑구,망우동,서울특별시 중랑구 양원역로 50,(망우동/송곡고등학교),19861231
송곡관광고등학교,고등학교,중랑구,망우동,서울특별시 중랑구 양원역로 67,(망우동),19970902
송곡여자고등학교,고등학교,중랑구,망우동,서울특별시 중랑구 양원역로 67,(망우동),19721231
송곡중학교,중학교,중랑구,망우본동,서울특별시 중랑구 양원역로 67,(망우본동,19700131
송례중학교,중학교,송파구,장지동,서울특별시 송파구 위례순환로 429 ,(장지동),20140301
송정중학교,중학교,강서구,공항동,서울특별시 강서구 남부순환로 121,(공항동/송정중학교),19910121
송파중학교,중학교,송파구,가락동,서울특별시 송파구 동남로 203,(가락동/ 송파중학교),19780227
수도사랑의학교,특수학교,종로구,사직동,서울특별시 종로구 사직로7길 17,/ 수도사랑의학교 (사직동),19980126
수도여자고등학교,고등학교,동작구,신대방동,서울특별시 동작구 여의대방로10길 73,/ 수도여자고등학교 (신대방동),19460610
수도여자고등학교부설방송통신고등학교,방송통신고등학교,동작구,신대방동,서울특별시 동작구 여의대방로10길 73,"(신대방동, 수도여자고등학교)",19740223
수도전기공업고등학교,고등학교,강남구,개포동,서울특별시 강남구 개포로 410,/ 수도전기공업고등학교 (개포동),19240301
수락고등학교,고등학교,노원구,상계동,서울특별시 노원구 동일로245길 143,(상계동/수락고등학교),20020301
수락중학교,중학교,노원구,상계동,서울특별시 노원구 동일로 1729,/ 수락중학교 (상계동),20020301
수명고등학교,고등학교,강서구,내발산동,서울특별시 강서구 수명로2길 15,/ 수명고등학교 (내발산동),20090301
수명중학교,중학교,강서구,내발산동,서울특별시 강서구 수명로2길 16,(내발산동/수명중학교),20080301
수서중학교,중학교,강남구,수서동,서울특별시 강남구 광평로59길 57,(수서동/수서중학교),19930430
수송중학교,중학교,강북구,번동,서울특별시 강북구 한천로122길 21,(번동/수송중학교),20001125
수유중학교,중학교,강북구,수유동,서울특별시 강북구 인수봉로37길 40,(수유동/수유중학교),19720603
숙명여자고등학교,고등학교,강남구,도곡동,서울특별시 강남구 남부순환로 2807,/ 숙명여자고등학교 (도곡동),19060522
숙명여자중학교,중학교,강남구,,서울특별시 강남구 남부순환로 2807,/ 숙명여자중학교 ,19060522
숭곡중학교,중학교,성북구,하월곡동,서울특별시 성북구 종암로 208,/ 숭곡중학교 (하월곡동),20110113
숭문고등학교,고등학교,마포구,대흥동,서울특별시 마포구 숭문길 99,(대흥동),19460828
숭문중학교,중학교,마포구,대흥동,서울특별시 마포구 숭문길 99,/ 숭문중고등학교 (대흥동),19060401
숭실고등학교,고등학교,은평구,신사동,서울특별시 은평구 은평터널로7길 6,(신사동),18971010
숭실중학교,중학교,은평구,신사동,서울특별시 은평구 은평터널로7길 6,(신사동),18971010
숭의여자고등학교,고등학교,동작구,대방동,서울특별시 동작구 여의대방로36길 79,/ 숭의여자고등학교 (대방동),19031031
숭의여자중학교,중학교,동작구,대방동,서울특별시 동작구 여의대방로36길 79,(대방동),19031031
숭의초등학교,초등학교,중구,예장동,서울특별시 중구 소파로2길 10,/ 숭의초등학교 (예장동),19660225
숭인중학교,중학교,동대문구,답십리동,서울특별시 동대문구 천호대로47길 34,(답십리동/ 숭인중학교),19741227
시흥중학교,중학교,금천구,시흥동,서울특별시 금천구 시흥대로38길 60,", 시흥중학교 (시흥동)",19911030
신관중학교,중학교,관악구,신림동,서울특별시 관악구 신림로48길 17-16,/ (신림동 신관중학교) ,19840301
신광여자고등학교,고등학교,용산구,청파동,서울특별시 용산구 청파로 263,/ 신광여자고등학교 (청파동3가),19530608
신광여자중학교,중학교,용산구,청파동,서울특별시 용산구 청파로 263,(청파동3가),19460817
신광초등학교,초등학교,용산구,청파동,서울특별시 용산구 청파로 263,/ 신광초등학교 청파동 3가 100 (청파동3가),19641126
신구중학교,중학교,강남구,신사동,서울특별시 강남구 압구정로36길 17,(신사동/신구중학교),19880202
신길중학교,중학교,영등포구,신길동,서울특별시 영등포구 신길로28길 43,(신길동/ 신길중학교),20210301
신남중학교,중학교,양천구,신월동,서울특별시 양천구 중앙로29길 109,(신월동/신남중학교),19840109
신도고등학교,고등학교,은평구,진관동,서울특별시 은평구 통일로 961,(진관동),20110301
신도림고등학교,고등학교,구로구,신도림동,서울특별시 구로구 경인로67길 159,(신도림동/신도림고등학교),20090301
신도림중학교,중학교,구로구,신도림동,서울특별시 구로구 경인로63길 74,/ 신도림중학교 (신도림동),19840109
신도봉중학교,중학교,도봉구,쌍문동,서울특별시 도봉구 도봉로115길 16,(쌍문동),19680806
신도중학교,중학교,은평구,진관동,서울특별시 은평구 진관1로 77-30,(진관동),20100301
신동중학교,중학교,서초구,잠원동,서울특별시 서초구 나루터로 27,/ 신동중학교 (잠원동/신동중학교),19900120
신림고등학교,고등학교,관악구,신림동,서울특별시 관악구 문성로 119,/ 신림고등학교 (신림동),19861217
신림중학교,중학교,관악구,신림동,서울특별시 관악구 신림로 40,(신림동/신림중학교),19731229
신명중학교,중학교,강동구,길동,서울특별시 강동구 명일로24길 25,(길동),19930110
신목고등학교,고등학교,양천구,신정동,서울특별시 양천구 안양천로 739,(신정동/신목고등학교),19861217
신목중학교,중학교,양천구,목동,서울특별시 양천구 목동중앙로 88,(목동/신목중학교),19860129
신반포중학교,중학교,서초구,반포동,서울특별시 서초구 신반포로19길 26,/ 신반포중학교 (반포동/신반포중학교),19840109
신방학중학교,중학교,도봉구,방학동,서울특별시 도봉구 시루봉로 156,/ 신방학중학교 (방학동),19940105
신사중학교,중학교,강남구,압구정동,서울특별시 강남구 압구정로 123,(압구정동/신사중학교),19840301
신상중학교,중학교,노원구,상계동,서울특별시 노원구 동일로216길 42,(상계동/신상중학교),19880202
신서고등학교,고등학교,양천구,신정동,서울특별시 양천구 은행정로 42,/ 신서고등학교 (신정동),20060105
신서중학교,중학교,양천구,신정동,서울특별시 양천구 중앙로 206,(신정동/신서중학교),19821209
신수중학교,중학교,마포구,신수동,서울특별시 마포구 신수로 49,/ 신수중학교 (신수동),19861215
신암중학교,중학교,강동구,암사동,서울특별시 강동구 고덕로 65,/ 신암중학교 (암사동),19810504
신양중학교,중학교,광진구,자양동,서울특별시 광진구 자양강변길 73,/ 신양중학교 (자양동),19840109
신연중학교,중학교,서대문구,연희동,서울특별시 서대문구 모래내로 408,(연희동),19861215
신원중학교,중학교,양천구,신월동,서울특별시 양천구 가로공원로55길 19,(신월동/신원중학교),19860129
신월중학교,중학교,양천구,신월동,서울특별시 양천구 남부순환로29길 25,/ 신월중학교 (신월동),19801217
신일고등학교,고등학교,강북구,미아동,서울특별시 강북구 솔매로49길 20,(미아동/신일중고등학교),19661013
신일중학교,중학교,강북구,미아동,서울특별시 강북구 솔매로49길 20,(미아동/신일중고등학교),19661013
신정여자중학교,중학교,강서구,,서울특별시 강서구 등촌로13아길 20,신정여자중학교 ,19780130
신진과학기술고등학교,고등학교,은평구,응암동,서울특별시 은평구 은평로6길 16,(응암동/학교법인신진학원),19700130
신창중학교,중학교,,월계동,서울 노원구 월계로45길 92,(월계동/신창중학교),19840506
신천중학교,중학교,송파구,잠실동,서울특별시 송파구 백제고분로 11,/ 신천중학교 (잠실동),19751114
신현고등학교,고등학교,중랑구,상봉동,서울특별시 중랑구 봉화산로 174,/ 신현고등학교 (상봉동),20040301
신현중학교,중학교,중랑구,상봉동,서울특별시 중랑구 봉화산로 162,/ 신현중학교 (상봉동),19960115
신화중학교,중학교,양천구,신월동,서울특별시 양천구 남부순환로29길 35,", 신화중학교 (신월동)",19691111
아시아퍼시픽국제외국인학교,외국인학교,노원구,월계동,서울특별시 노원구 월계로45가길 57,(월계동),20061220
아주중학교,중학교,송파구,잠실동,서울특별시 송파구 올림픽로4길 69,/ 아주중학교 (잠실동),19861207
아현산업정보학교,각종학교(고),마포구,아현동,서울특별시 마포구 마포대로 249,(아현동/ 아현산업정보학교/ 아현직업학교),19540806
아현중학교,중학교,마포구,아현동,서울특별시 마포구 마포대로 247,(아현동/아현중학교),19800202
아현중학교부설방송통신중학교,방송통신중학교,마포구,아현동,서울특별시 마포구 마포대로 247,/ 아현중학교 내 아현방송통신중학교 (아현동),20150301
안천중학교,중학교,금천구,독산동,서울특별시 금천구 한내로 69-44,(독산동/안천중학교),19910121
압구정고등학교,고등학교,강남구,압구정동,서울특별시 강남구 압구정로39길 20,/ 압구정고등학교 (압구정동),19861217
압구정중학교,중학교,강남구,압구정동,서울특별시 강남구 압구정로 225,/ 압구정중학교 (압구정동/압구정중학교),19830301
양강중학교,중학교,양천구,신월동,서울특별시 양천구 중앙로 319,(신월동),19860217
양동중학교,중학교,양천구,목동,서울특별시 양천구 목동중앙북로 49,(목동/양동중학교),19840109
양서중학교,중학교,양천구,신월동,서울특별시 양천구 남부순환로 380,(신월동/양서중학교),19900120
양재고등학교,고등학교,서초구,서초동,서울특별시 서초구 남부순환로346길 9,(서초동/양재고등학교),19900120
양정고등학교,고등학교,양천구,목동,서울특별시 양천구 안양천로 1039,(목동/양정고등학교),19050512
양정중학교,중학교,양천구,목동,서울특별시 양천구 안양천로 1039,(목동/ 양정고등학교),19050211
양진중학교,중학교,광진구,,서울특별시 광진구 워커힐로 32,/ 양진중학교 ,20051229
양천고등학교,고등학교,양천구,신정동,서울특별시 양천구 신정로14길 13,(신정동/양천고등학교),19840206
양천중학교,중학교,양천구,신월동,서울특별시 양천구 지양로7길 32,(신월동/양천중학교),19900120
양화중학교,중학교,영등포구,문래동,서울특별시 영등포구 당산로 56,(문래동3가/양화중학교),19801227
언남고등학교,고등학교,,양재동,서울 서초구 동산로13길 35,(양재동/언남고등학교),19860125
언남중학교,중학교,서초구,양재동,서울특별시 서초구 동산로 55,(양재동/언남중학교),19881224
언북중학교,중학교,강남구,논현동,서울특별시 강남구 도산대로38길 27,(논현동/언북중학교),19820107
언주중학교,중학교,강남구,,서울특별시 강남구 선릉로116길 57,/ 언주중학교 ,19801227
여명학교,각종학교(고),중구,남산동,서울특별시 중구 소파로 99,/ 여명학교 (남산동2가),20100322
여명학교(중),각종학교(중),강서구,가양동,서울특별시 강서구 허준로 221-22,(가양동),20220301
여의도고등학교,고등학교,영등포구,여의도동,서울특별시 영등포구 국제금융로7길 37,/ 여의도고등학교 (여의도동),19721229
여의도여자고등학교,고등학교,영등포구,여의도동,서울특별시 영등포구 국제금융로7가길 13,/ 여의도여자고등학교 (여의도동),19840301
여의도중학교,중학교,영등포구,여의도동,서울특별시 영등포구 국제금융로7길 46,/ 여의도중학교 (여의도동),19721231
역삼중학교,중학교,강남구,역삼동,서울특별시 강남구 도곡로43길 10,(역삼동/역삼중학교),19841208
연북중학교,중학교,서대문구,연희동,서울특별시 서대문구 연희로36길 32,(연희동/연북중학교),19841208
연서중학교,중학교,은평구,증산동,서울특별시 은평구 증산서길 125-6,(증산동/연서중학교),19711028
연세대학교재활학교,특수학교,서대문구,신촌동,서울특별시 서대문구 연세로 50,/ 연세대학교재활학교 (신촌동),19640228
연신중학교,중학교,은평구,불광동,서울특별시 은평구 연서로33길 16-32,(연신중학교/ 불광동),19820107
연천중학교,중학교,은평구,불광동,서울특별시 은평구 연서로41길 30,(불광동),19840109
연희중학교,중학교,서대문구,남가좌동,서울특별시 서대문구 증가로 170,(남가좌동),19711229
염경중학교,중학교,강서구,염창동,서울특별시 강서구 양천로69길 35,(염창동/염경중학교),20051229
염광고등학교,고등학교,노원구,월계동,서울특별시 노원구 월계로45가길 9,(월계동),19821019
염광메디텍고등학교,고등학교,노원구,월계동,서울특별시 노원구 월계로45가길 9,", 염광메디텍고등학교 (월계동)",19680301
염광중학교,중학교,노원구,월계동,서울특별시 노원구 월계로45가길 9,/ 노원구 월계동 820 (월계동),19651229
염창중학교,중학교,강서구,염창동,서울특별시 강서구 양천로67가길 83,(염창동/염창중학교),19840116
영남중학교,중학교,영등포구,대림동,서울특별시 영등포구 대림로31나길 17,/ 영남중학교 (대림동),19800124
영도중학교,중학교,양천구,목동,서울특별시 양천구 목동중앙남로 27,/ 영도중학교 (목동/강서고등학교),19380910
영동고등학교,고등학교,강남구,청담동,서울특별시 강남구 선릉로 742,(청담동/ 영동고등학교),19720418
영동일고등학교,고등학교,송파구,잠실동,서울특별시 송파구 석촌호수로 93,/ 영동일고등학교 (잠실동),19771230
영동중학교,중학교,서초구,우면동,서울특별시 서초구 성촌길 14,(우면동/영동중학교),19691111
영등포고등학교,고등학교,동작구,대방동,서울특별시 동작구 등용로8길 5,(대방동/영등포고등학교),19590313
영등포고등학교부설방송통신고등학교,방송통신고등학교,동작구,대방동,서울특별시 동작구 등용로8길 5,/ 대방동 13-2 (대방동/ 영등포고등학교부설방송통신고등학교),19790110
영등포공업고등학교,고등학교,강서구,가양동,서울특별시 강서구 허준로5길 15,(가양동),19530409
영등포여자고등학교,고등학교,영등포구,신길동,서울특별시 영등포구 영등포로62길 13,/ 영등포여자고등학교  (신길동)184-3,19530331
영등포중학교,중학교,동작구,대방동,서울특별시 동작구 등용로8길 5,/ 영등포중학교 (대방동),19060407
영락고등학교,고등학교,관악구,봉천동,서울특별시 관악구 청룡16길 25,/ 영락고등학교 (봉천동),19590409
영락의료과학고등학교,고등학교,관악구,봉천동,서울특별시 관악구 청룡16길 25,(봉천동/ 서울영락고등학교/ 영락의료과학고등학교),19520610
영락중학교,중학교,은평구,응암동,서울특별시 은평구 백련산로 134-6,/ 영락중학교 (응암동),19520610
영란여자중학교,중학교,중랑구,망우동,서울특별시 중랑구 망우로73길 56,(망우동),19690115
영림중학교,중학교,구로구,구로동,서울특별시 구로구 가마산로27길 17,/ 영림중학교 (구로동),19790131
영서중학교,중학교,구로구,구로동,서울특별시 구로구 도림로20길 35,(구로동),19800124
영신간호비즈니스고등학교,고등학교,노원구,중계동,서울특별시 노원구 중계로16나길 13,/ 영신간호비즈니스고등학교 (중계동),19921007
영신고등학교,고등학교,,신길동,서울 영등포구 대방천로14길 18,/ 영신고등학교 (신길동/영신고등학교),19900120
영신여자고등학교,고등학교,노원구,중계동,서울특별시 노원구 중계로16나길 13,(중계동/영신여자고등학교),19871215
영원중학교,중학교,영등포구,영등포동,서울특별시 영등포구 영등포로62길 31,(영등포동/영원중학교),19500524
영일고등학교,고등학교,강서구,등촌동,서울특별시 강서구 등촌로51가길 26,/ 영일고등학교 (등촌동),19740607
영파여자고등학교,고등학교,송파구,풍납동,서울특별시 송파구 올림픽로 565,/ 영파여자고등학교 (풍납동),19721229
영파여자중학교,중학교,송파구,풍납동,서울특별시 송파구 올림픽로 565,(풍납동),19671028
영훈고등학교,고등학교,강북구,미아동,서울특별시 강북구 도봉로13가길 19,(미아동/학교법인영훈학원),19721229
영훈국제중학교,중학교,강북구,미아동,서울특별시 강북구 도봉로13가길 19,(미아동/학교법인영훈학원),19690115
영훈초등학교,초등학교,강북구,미아동,서울특별시 강북구 도봉로13가길 19,(미아동/학교법인영훈학원),19650925
예림디자인고등학교,고등학교,구로구,궁동,서울특별시 구로구 오리로21길 2,(궁동/예림디자인고등학교),19651205
예원학교,각종학교(중),중구,정동,서울특별시 중구 정동길 25,(정동),19661117
예일디자인고등학교,고등학교,은평구,구산동,서울특별시 은평구 연서로 117,/ 예일디자인고등학교 (구산동),19930926
예일여자고등학교,고등학교,은평구,구산동,서울특별시 은평구 연서로 117,/ 예일여자고등학교 (구산동/수위실),19650926
예일여자중학교,중학교,은평구,구산동,서울특별시 은평구 연서로 117,(구산동),19650926
예일초등학교,초등학교,은평구,구산동,서울특별시 은평구 연서로 117,/ 예일초등학교 (구산동),19650926
오금고등학교,고등학교,송파구,오금동,서울특별시 송파구 중대로 247,(오금동),19871215
오금중학교,중학교,송파구,오금동,서울특별시 송파구 오금로35길 20,(오금동/오금중학교),19861217
오남중학교,중학교,구로구,오류동,서울특별시 구로구 오리로9길 25,(오류동),19880202
오디세이학교,각종학교(고),종로구,숭인동,서울특별시 종로구 종로58길 30,(숭인동),20150526
오류고등학교,고등학교,구로구,궁동,서울특별시 구로구 오리로21길 2,(궁동/ 오류고등학교),19991127
오류중학교,중학교,구로구,고척동,서울특별시 구로구 고척로27바길 19,(고척동),19760306
오륜중학교,중학교,송파구,방이동,서울특별시 송파구 양재대로 1242,(방이동/오륜중학교),19881224
오산고등학교,고등학교,용산구,보광동,서울특별시 용산구 보광로7길 17,(보광동),19071224
오산중학교,중학교,용산구,보광동,서울특별시 용산구 보광로7길 17,(보광동/오산중학교),19071224
오주중학교,중학교,송파구,오금동,서울특별시 송파구 동남로 281,(오금동/ 오주중학교),19840109
옥정중학교,중학교,성동구,옥수동,서울특별시 성동구 한림말길 11,/ 옥정중학교 (옥수동),19840109
온곡중학교,중학교,노원구,상계동,서울특별시 노원구 노원로 492,(상계동/온곡중학교),19910121
용강중학교,중학교,용산구,이촌동,서울특별시 용산구 이촌로65가길 91,(이촌동),19681101
용곡중학교,중학교,광진구,중곡동,서울특별시 광진구 용마산로22길 76,(중곡동/용곡중학교),19821209
용마중학교,중학교,중랑구,면목동,서울특별시 중랑구 면목로28길 18,/ 용마중학교 (면목동),20010301
용문고등학교,고등학교,성북구,안암동,서울특별시 성북구 고려대로17가길 46,(안암동2가/ 용문중고등학교),19461012
용문중학교,중학교,성북구,안암동,서울특별시 성북구 고려대로17가길 46,(안암동2가/ 용문중고등학교),19461012
용산고등학교,고등학교,용산구,용산동,서울특별시 용산구 두텁바위로 60,(용산동2가/용산고등학교),19460909
용산중학교,중학교,용산구,용산동,서울특별시 용산구 두텁바위로 74,(용산동2가),19450909
용산철도고등학교,고등학교,용산구,,서울특별시 용산구 서빙고로 24,(한강로3가/ 용산철도고등학교),19630518
용화여자고등학교,고등학교,노원구,상계동,서울특별시 노원구 동일로 1461,/ 용화여자고등학교 (상계동/용화여자고등학교),19871215
우신고등학교,고등학교,구로구,궁동,서울특별시 구로구 부일로 917,/ 우신고등학교 (궁동),19740105
우신중학교,중학교,구로구,궁동,서울특별시 구로구 부일로 917,/ 우신중학교 (궁동),19740105
우촌초등학교,초등학교,성북구,돈암동,서울특별시 성북구 성북로4길 52-1,(돈암동/우촌초등학교),19650324
운현초등학교,초등학교,종로구,운니동,서울특별시 종로구 삼일대로 460,(운니동/운현초등학교),19860304
원묵고등학교,고등학교,중랑구,묵동,서울특별시 중랑구 숙선옹주로 82,/ 원묵고등학교 (묵동),20031219
원묵중학교,중학교,중랑구,묵동,서울특별시 중랑구 신내로23길 57,/ 원묵중학교 (묵동),19960115
원촌중학교,중학교,서초구,반포동,서울특별시 서초구 사평대로45길 10,(반포동/원촌중학교),19821209
월계고등학교,고등학교,노원구,월계동,서울특별시 노원구 초안산로5길 66,(월계동/월계고등학교),20050105
월계중학교,중학교,노원구,월계동,서울특별시 노원구 월계로45가길 54,(월계동),19810409
월곡중학교,중학교,성북구,상월곡동,서울특별시 성북구 장월로 6,(상월곡동/월곡중학교),19860129
월촌중학교,중학교,양천구,목동,서울특별시 양천구 목동서로 31,(목동/서울월촌중학교),19910121
위례솔중학교,중학교,송파구,거여동,서울특별시 송파구 위례북로2길 10 ,/ 위례솔중학교 (거여동),20220301
유석초등학교,초등학교,강서구,등촌동,서울특별시 강서구 화곡로69길 9,(등촌동/유석초등학교),19651203
유한공업고등학교,고등학교,구로구,항동,서울특별시 구로구 경인로 8,(항동),19641229
윤중중학교,중학교,영등포구,여의도동,서울특별시 영등포구 여의동로3길 3,/ 윤중중학교 (여의도동),19810902
은광여자고등학교,고등학교,강남구,도곡동,서울특별시 강남구 남부순환로359길 36,(도곡동),19550315
은석초등학교,초등학교,동대문구,장안동,서울특별시 동대문구 장안벚꽃로 205,(장안동/ 은석초등학교),19630328
은성중학교,중학교,강남구,도곡동,서울특별시 강남구 남부순환로359길 36,(도곡동/은광여자고등학교),19550316
은평고등학교,고등학교,은평구,구산동,서울특별시 은평구 갈현로15길 47,(구산동/ 은평고등학교),20090301
은평대영학교,특수학교,은평구,구산동,서울특별시 은평구 갈현로11길 30,/ 은평대영학교 (구산동/ 사회복지법인 엔젤스헤이븐),19810312
은평메디텍고등학교,고등학교,은평구,진관동,서울특별시 은평구 진관2로 57-57,(진관동/은평메디텍고등학교),19700302
은평문화예술정보학교,각종학교(고),은평구,응암동,서울특별시 은평구 가좌로 208,/ 은평문화예술정보학교 (응암동/ 은평문화예술정보학교),20131226
은평중학교,중학교,은평구,구산동,서울특별시 은평구 갈현로17나길 12-1,(구산동),19840109
을지중학교,중학교,노원구,중계동,서울특별시 노원구 덕릉로 580,(중계동),20040301
이수중학교,중학교,서초구,방배동,서울특별시 서초구 방배중앙로3길 32,(방배동/이수중학교),19820107
이화여자고등학교,고등학교,중구,정동,서울특별시 중구 정동길,/ 26 (정동),18860531
이화여자대학교병설미디어고등학교,고등학교,중랑구,망우동,서울특별시 중랑구 망우로73길 56,/ 02061 (망우동),19690110
이화여자대학교사범대학부속이화・금란중학교,중학교,서대문구,대신동,서울특별시 서대문구 성산로 520,(대신동),19550228
이화여자대학교사범대학부속이화금란고등학교,고등학교,서대문구,대신동,서울특별시 서대문구 성산로 560,/ 이대부속고등학교 (대신동),19580215
이화여자대학교사범대학부속초등학교,초등학교,서대문구,대신동,서울특별시 서대문구 성산로 512-39,(대신동/이화여대부속초등학교),19550408
이화여자외국어고등학교,고등학교,중구,순화동,서울특별시 중구 통일로4길 30,(순화동),19910911
인덕과학기술고등학교,고등학교,노원구,월계동,서울특별시 노원구 초안산로 12,/ 인덕과학기술고등학교 (월계동/ 인덕대학교/인덕공업고등학교),19631214
인수중학교,중학교,강북구,수유동,서울특별시 강북구 인수봉로75길 10,(수유동/ 인수중학교),19860129
인왕중학교,중학교,서대문구,홍제동,서울특별시 서대문구 세검정로4길,/ 69 (홍제동),20100301
인창고등학교,고등학교,서대문구,,서울특별시 서대문구 경기대로 65,/ 인창고등학교 (충정로2가),19531010
인창중학교,중학교,서대문구,,서울특별시 서대문구 경기대로 65,(충정로2가/인창중학교),19450901
인헌고등학교,고등학교,관악구,봉천동,서울특별시 관악구 인헌9길 74,(봉천동/인헌고등학교),19841207
인헌중학교,중학교,관악구,봉천동,서울특별시 관악구 인헌9길 35,/ 인헌중학교 (봉천동),19710116
일신여자상업고등학교,고등학교,송파구,송파동,서울특별시 송파구 송파대로38길 8,(송파동/일신여자상업고등학교),19560316
자양고등학교,고등학교,광진구,자양동,서울특별시 광진구 뚝섬로37길 28,(자양동/자양고등학교),19831226
자양중학교,중학교,광진구,자양동,서울특별시 광진구 뚝섬로41길 33,(자양동/서울자양중학교),19840301
자운고등학교,고등학교,도봉구,창동,서울특별시 도봉구 노해로69길 150,(창동),20020527
잠신고등학교,고등학교,송파구,잠실동,서울특별시 송파구 잠실로 24,/ 잠신고등학교 (잠실동),19881223
잠신중학교,중학교,송파구,잠실동,서울특별시 송파구 잠실로 12,/ 잠신중학교 (잠실동),19840109
잠실고등학교,고등학교,송파구,신천동,서울특별시 송파구 올림픽로33길 71,/ 잠실고등학교 (신천동),19821130
잠실여자고등학교,고등학교,송파구,송파동,서울특별시 송파구 송파대로38길 8,(송파동) 잠실여자고등학교,19821130
잠실여자중학교,중학교,송파구,송파동,서울특별시 송파구 송파대로38길 8,"(송파동,잠실여자중학교)",19740301
잠실중학교,중학교,송파구,신천동,서울특별시 송파구 올림픽로35길 130,(신천동),19800124
잠일고등학교,고등학교,송파구,잠실동,서울특별시 송파구 백제고분로 21,(잠실동),20120301
장승중학교,중학교,동작구,상도동,서울특별시 동작구 장승배기로10가길 25,/ 장승중학교 (상도동),19850424
장안중학교,중학교,중랑구,중화동,서울특별시 중랑구 동일로 780,/ 장안중학교 (중화동),19691111
장원중학교,중학교,중구,신당동,서울특별시 중구 동호로15길 93-34,(신당동),19680806
장위중학교,중학교,성북구,장위동,서울특별시 성북구 장위로4길 70,(장위동/장위중학교),19841208
장충고등학교,고등학교,중구,신당동,서울특별시 중구 동호로15길 93,(신당동),19470901
장충중학교,중학교,중구,신당동,서울특별시 중구 동호로15길 93,(신당동),19470825
장평중학교,중학교,동대문구,장안동,서울특별시 동대문구 답십리로72길 158,/ 장평중학교 (장안동),19671020
장훈고등학교,고등학교,영등포구,신길동,서울특별시 영등포구 영등포로64길 26,/ 장훈고등학교 (신길동),19640113
재한몽골학교,외국인학교,광진구,광장동,서울특별시 광진구 광장로1가길 13-10,(광장동),20050302
재현고등학교,고등학교,노원구,중계동,서울특별시 노원구 덕릉로82길 64,/ 재현고등학교 (중계동),19780303
재현중학교,중학교,노원구,중계동,서울특별시 노원구 덕릉로82길 64,(중계동/재현중/고등학교),19710303
전농중학교,중학교,동대문구,전농동,서울특별시 동대문구 사가정로13길 71,(전농동/전농중학교),19671027
전동중학교,중학교,동대문구,휘경동,서울특별시 동대문구 장안벚꽃로 291,(휘경동/전동중학교),19841208
전일중학교,중학교,동대문구,전농동,서울특별시 동대문구 사가정로13길 67,/ 전일중학교 (전농동),19740304
정신여자고등학교,고등학교,송파구,잠실동,서울특별시 송파구 올림픽로4길 16,/ 정신여자고등학교 (잠실동),18871020
정신여자중학교,중학교,송파구,잠실동,서울특별시 송파구 올림픽로4길 16,/ 정신여자중학교 (잠실동),18871020
정원여자중학교,중학교,서대문구,홍은동,서울특별시 서대문구 연희로37안길 51,/ 정원여자중학교 (홍은동),19690115
정의여자고등학교,고등학교,도봉구,쌍문동,서울특별시 도봉구 노해로49길 69,(쌍문동/정의여자고등학교),19760305
정의여자중학교,중학교,도봉구,쌍문동,서울특별시 도봉구 노해로49길 69,/ 정의여자중학교 (쌍문동),19710130
정화여자중학교,중학교,동대문구,제기동,서울특별시 동대문구 홍릉로15길 50,/ 정화여자중학교 (제기동),19080901
종로산업정보학교,각종학교(고),종로구,숭인동,서울특별시 종로구 종로58길 28,"(숭인동, 종로산업정보학교)",19901110
종암중학교,중학교,성북구,종암동,서울특별시 성북구 종암로5길 80-17,(종암동/종암중학교),19800409
주몽학교,특수학교,강동구,상일동,서울특별시 강동구 상암로 369,/ 주몽학교 (상일동),19850130
중경고등학교,고등학교,용산구,이촌동,서울특별시 용산구 이촌로84길 34,(이촌동),19820301
중계중학교,중학교,노원구,중계동,서울특별시 노원구 덕릉로76길 23,(중계동),19940105
중동고등학교,고등학교,강남구,일원동,서울특별시 강남구 일원로 7,(일원동),19060510
중동중학교,중학교,강남구,중동,서울특별시 강남구 일원로8길 37,중동중학교,19060510
중랑중학교,중학교,중랑구,중화동,서울특별시 중랑구 동일로140길 33,/ 중랑중학교 (중화동),19721229
중산고등학교,고등학교,강남구,일원동,서울특별시 강남구 일원로14길 22,(일원동/ 중산고등학교),19940301
중암중학교,중학교,마포구,중동,서울특별시 마포구 월드컵북로38길 25,(중동/중암중학교),19841208
중앙고등학교,고등학교,종로구,계동,서울특별시 종로구 창덕궁길 164,(계동),19080620
중앙대학교사범대학부속고등학교,고등학교,강남구,도곡동,서울특별시 강남구 선릉로 207,/ 중앙대학교사범대학부속고등학교 (도곡동),19340415
중앙대학교사범대학부속중학교,중학교,동작구,흑석동,서울특별시 동작구 서달로 124,/ 중앙대학교사범대학부속중학교 (흑석동),19340415
중앙대학교사범대학부속초등학교,초등학교,동작구,흑석동,서울특별시 동작구 서달로 135,(흑석동/ 중앙대부속초등학교),19641203
중앙여자고등학교,고등학교,서대문구,북아현동,서울특별시 서대문구 북아현로11가길 7,(북아현동),19401010
중앙여자중학교,중학교,서대문구,북아현동,서울특별시 서대문구 북아현로11가길 7,(북아현동/ 중앙여자중학교),19401010
중앙중학교,중학교,종로구,계동,서울특별시 종로구 창덕궁길 164,(계동),19080601
중원중학교,중학교,노원구,중계동,서울특별시 노원구 공릉로 420,(중계동/중원중학교),19910121
중평중학교,중학교,노원구,하계동,서울특별시 노원구 동일로203길 87,(하계동/중평중학교),19900120
중화고등학교,고등학교,중랑구,중화동,서울특별시 중랑구 봉화산로27길 62,(중화동/ 중화고등학교),19871215
중화중학교,중학교,중랑구,면목동,서울특별시 중랑구 용마산로 364,(면목동/중화중학교),19700303
증산중학교,중학교,은평구,증산동,서울특별시 은평구 증산로5길 27-30,/ 증산중학교 (증산동),19860129
지구촌기독외국인학교,외국인학교,용산구,한남동,서울특별시 용산구 독서당로 115,(한남동),19960901
지구촌학교,각종학교(초),구로구,오류동,서울특별시 구로구 오리로 1189,(오류동),20110302
지구촌학교 고등학교,각종학교(고),구로구,오류동,서울특별시 구로구 오리로 1189,"(오류동, 금강프라자)",20230301
지구촌학교 중학교,각종학교(중),구로구,오류동,서울특별시 구로구 오리로 1189,"(오류동, 금강프라자)",20230301
진관고등학교,고등학교,은평구,진관동,서울특별시 은평구 진관4로 26,(진관동),20090102
진관중학교,중학교,은평구,진관동,서울특별시 은평구 진관4로 36,(진관동),20080901
진명여자고등학교,고등학교,양천구,목동,서울특별시 양천구 목동로 170,/ 진명여자고등학교 (목동),19060421
진선여자고등학교,고등학교,강남구,역삼동,서울특별시 강남구 선릉로85길 27,(진선여자고등학교/역삼동),19761228
진선여자중학교,중학교,강남구,역삼동,서울특별시 강남구 선릉로85길 27,(역삼동/ 진선여자중학교),19761228
창덕여자고등학교,고등학교,송파구,방이동,서울특별시 송파구 양재대로 1240,/ 창덕여자고등학교 (방이동),19410402
창덕여자중학교,중학교,중구,정동,서울특별시 중구 정동길 22,/ 창덕여자중학교 (정동),19451130
창동고등학교,고등학교,도봉구,창동,서울특별시 도봉구 노해로62길 7,(창동/ 창동고등학교),20020301
창동중학교,중학교,도봉구,방학동,서울특별시 도봉구 방학로 32,/ 창동중학교 (방학동),19830301
창문여자고등학교,고등학교,강북구,미아동,서울특별시 강북구 월계로 61,/ 창문여자고등학교 (미아동),19741227
창문여자중학교,중학교,강북구,송중동,서울특별시 강북구 월계로 61,(송중동/ 창문여자중고등학교),19721010
창북중학교,중학교,도봉구,창동,서울특별시 도봉구 노해로62길 33,(창동/창북중학교),19861217
창일중학교,중학교,도봉구,창동,서울특별시 도봉구 노해로66길 60,(창동/창일중학교),19910122
창천중학교,중학교,마포구,노고산동,서울특별시 마포구 백범로1길 56,(노고산동),20090301
천왕중학교,중학교,구로구,천왕동,서울특별시 구로구 천왕로 63,(천왕동/ 천왕중학교),20130301
천일중학교,중학교,강동구,천호동,서울특별시 강동구 천중로 57,(천호동/천일중학교),19940105
천호중학교,중학교,강동구,천호동,서울특별시 강동구 상암로 153,(천호동),19691107
청담고등학교,고등학교,강남구,압구정동,서울특별시 강남구 압구정로 419,/ 청담고등학교 (압구정동),19900120
청담중학교,중학교,강남구,청담동,서울특별시 강남구 압구정로61길 36,(청담동/청담중학교),19840301
청량고등학교,고등학교,동대문구,청량리동,서울특별시 동대문구 왕산로 303,(청량리동/ 청량고등학교),19811231
청량중학교,중학교,동대문구,청량리동,서울특별시 동대문구 왕산로 301,(청량리동),19510830
청운중학교,중학교,종로구,청운동,서울특별시 종로구 창의문로 51,(청운동),19520201
청원고등학교,고등학교,노원구,상계동,서울특별시 노원구 한글비석로 506,/ 청원고등학교 (상계동),19881112
청원여자고등학교,고등학교,노원구,상계동,서울특별시 노원구 한글비석로 506,/ 청원여자고등학교 (상계동/청원초/중/고등학교),20010301
청원중학교,중학교,노원구,상계동,서울특별시 노원구 한글비석로 506,/ 청원중학교 (상계동/청원초/중/고등학교),19550427
청원초등학교,초등학교,노원구,상계동,서울특별시 노원구 한글비석로 506,/ (상계동/청원초/중/고등학교) (상계동),19651205
추계초등학교,초등학교,서대문구,북아현동,서울특별시 서대문구 북아현로11가길 7,(북아현동/추계초등학교),19640720
충암고등학교,고등학교,은평구,응암동,서울특별시 은평구 가좌로5길 5,(응암동),19680110
충암중학교,중학교,은평구,응암동,서울특별시 은평구 가좌로5길 5,(응암동),19650201
충암초등학교,초등학교,은평구,응암동,서울특별시 은평구 가좌로5길 5,(응암동),19651115
코리아외국인학교,외국인학교,서초구,양재동,서울특별시 서초구 남부순환로364길 7-16,(양재동),20070830
태강삼육초등학교,초등학교,노원구,공릉동,서울특별시 노원구 화랑로 815,/ 태강삼육초등학교 (공릉동),19491119
태랑중학교,중학교,노원구,공릉동,서울특별시 노원구 화랑로51나길 51,/ 태랑중학교 (공릉동),20010611
태릉고등학교,고등학교,중랑구,묵동,서울특별시 중랑구 신내로23길 36,/ 태릉고등학교 (묵동),19841217
태릉중학교,중학교,중랑구,묵동,서울특별시 중랑구 공릉로2길 60-25,(묵동),19720901
풍납중학교,중학교,송파구,풍납동,서울특별시 송파구 올림픽로43길 20,(풍납동),19821209
풍문고등학교,고등학교,강남구,자곡동,서울특별시 강남구 자곡로 152,(자곡동),19440410
풍성중학교,중학교,송파구,풍납동,서울특별시 송파구 강동대로2길 27,(풍납동/ 풍성중학교),19910121
하계중학교,중학교,노원구,하계동,서울특별시 노원구 노원로 261-8,(하계동),19821209
하나고등학교,고등학교,은평구,진관동,서울특별시 은평구 연서로 535,/ 하나고등학교 (진관동),20090821
하비에르국제학교,외국인학교,종로구,구기동,서울특별시 종로구 비봉길 23,(구기동),20020302
학력인정 서울자동차고등학교,평생학교(고)-3년6학기,용산구,효창동,서울특별시 용산구 백범로45길 15,(효창동/ 서울자동차고등학교),20050413
학력인정 서현초등학교,평생학교(초)-3년6학기,영등포구,신길동,서울특별시 영등포구 도신로53길 18,(신길동/ 서현주부학교),20070301
학력인정 신동신정보산업고등학교(2년제),평생학교(고)-2년6학기,동작구,사당동,서울특별시 동작구 동작대로33마길 27-1,(사당동/ 신동신중 정보산업 고등학교),19680628
학력인정 신동신중.정보산업고등학교,평생학교(고)-3년6학기,동작구,사당동,서울특별시 동작구 동작대로33마길 27-1,(사당동/ 신동신중 정보산업 고등학교),19680628
학력인정 신동신중학교(2년제),평생학교(중)-2년6학기,동작구,사당동,서울특별시 동작구 동작대로33마길 27-1,(사당동/ 신동신중 정보산업 고등학교),19680628
학력인정 일성여자고등학교(2년제),평생학교(고)-2년6학기,마포구,염리동,서울특별시 마포구 마포대로11다길 11-6,(염리동/ 일성여자중고등학교),19531113
학력인정 일성여자중학교(2년제),평생학교(중)-2년6학기,마포구,염리동,서울특별시 마포구 마포대로11다길 11-6,(염리동/ 일성여자중고등학교),19531113
학력인정 정암미용고등학교(2년제),평생학교(고)-2년6학기,동대문구,청량리동,서울특별시 동대문구 왕산로 225,(청량리동),20040301
학력인정 진형고등학교(2년제),평생학교(고)-2년6학기,종로구,숭인동,서울특별시 종로구 종로 386,(숭인동/ 진형빌딩),20051213
학력인정 진형중학교(2년제),평생학교(중)-2년6학기,종로구,숭인동,서울특별시 종로구 종로 386,(숭인동/ 진형빌딩),20051213
학력인정 청량정보고등학교,평생학교(고)-3년6학기,동대문구,전농동,서울특별시 동대문구 답십리로15길 32,(전농동/ 청량정보고등학교),19910213
학력인정 청량정보고등학교(2년제),평생학교(고)-2년6학기,동대문구,전농동,서울특별시 동대문구 답십리로15길 32,(전농동/ 청량정보고등학교),19910213
학력인정 청암고등학교(2년제),평생학교(고)-2년6학기,노원구,중계동,서울특별시 노원구 중계로 244,(중계동/청암중고등학교),19791005
학력인정 청암중학교(2년제),평생학교(중)-2년6학기,노원구,중계동,서울특별시 노원구 중계로 244,(중계동/ 청암중고예술학교),19791005
학력인정 한림실업고등학교(2년제),평생학교(고)-2년6학기,송파구,장지동,서울특별시 송파구 충민로 172,(장지동/ 한림연예예술고교),19600403
학력인정 한림연예예술고등학교,평생학교(고)-3년6학기,송파구,장지동,서울특별시 송파구 충민로 172,(장지동/ 한림연예예술고교),20081111
학력인정 한림중학교(2년제),평생학교(중)-2년6학기,송파구,장지동,서울특별시 송파구 충민로 172,(장지동),19600403
학력인정 한림초등학교(4년제),평생학교(초)-3년6학기,송파구,장지동,서울특별시 송파구 충민로6길 71,(장지동/ 한석교통(주)),19600403
한가람고등학교,고등학교,양천구,목동,서울특별시 양천구 목동서로 15,(목동),19961210
한강미디어고등학교,고등학교,영등포구,양평동,서울특별시 영등포구 선유로55길 22,(양평동4가/한강미디어고등학교),19950110
한강중학교,중학교,용산구,서빙고동,서울특별시 용산구 녹사평대로 73,(서빙고동),19721229
한광고등학교,고등학교,강서구,화곡동,서울특별시 강서구 등촌로13길 110,(화곡동),19870119
한국구화학교,특수학교,강동구,고덕동,서울특별시 강동구 고덕로 295-59,/ 한국구화학교 (고덕동),19620720
한국삼육고등학교,고등학교,노원구,공릉동,서울특별시 노원구 화랑로 815,(공릉동),19491113
한국삼육중학교,각종학교(중),노원구,공릉동,서울특별시 노원구 화랑로 815,/ 한국삼육중학교 (공릉동),19651217
한국영등포화교소학교,외국인학교,영등포구,문래동,서울특별시 영등포구 경인로88길 9,(문래동1가),19380601
한국외국인학교,외국인학교,강남구,개포동,서울특별시 강남구 개포로 408,(개포동),19990801
한국우진학교,특수학교,마포구,중동,서울특별시 마포구 월드컵북로38길 21,/ 한국우진학교 (중동),20000301
한국육영학교,특수학교,송파구,장지동,서울특별시 송파구 충민로6길 15,(장지동/한국육영학교),19920923
한국제과학교,고등기술학교,영등포구,신길동,서울특별시 영등포구 여의대방로61길 42,(신길동),19721229
한국켄트외국인학교,외국인학교,광진구,구의동,서울특별시 광진구 자양로35길 13,(구의동),19990827
한국한성화교소학교,외국인학교,중구,명동,서울특별시 중구 명동2길 35,(명동2가),19091005
한국한성화교중고등학교,외국인학교,서대문구,연희동,서울특별시 서대문구 연희로 176,(연희동),19480505
한빛맹학교,특수학교,강북구,수유동,서울특별시 강북구 삼양로73가길 47,/ 한빛맹학교 (수유동),19701205
한산중학교,중학교,강동구,둔촌동,서울특별시 강동구 풍성로 251,(둔촌동),19900120
한서고등학교,고등학교,강서구,방화동,서울특별시 강서구 양천로11길 47,(방화동),19840217
한성고등학교,고등학교,서대문구,북아현동,서울특별시 서대문구 북아현로1길 24,(북아현동),19280925
한성과학고등학교,고등학교,서대문구,현저동,서울특별시 서대문구 통일로 279-79,/ 한성과학고등학교 (현저동),19920301
한성여자고등학교,고등학교,성북구,삼선동,서울특별시 성북구 삼선교로16길 117,/ 한성여자고등학교 (삼선동2가),19451005
한성여자중학교,중학교,성북구,삼선동,서울특별시 성북구 삼선교로16길 118,(삼선동2가/한성여자중학교),19451005
한성중학교,중학교,서대문구,북아현동,서울특별시 서대문구 북아현로1길 24,(북아현동/한성중학교),19280925
한세사이버보안고등학교,고등학교,마포구,아현동,서울특별시 마포구 마포대로11길 44-80,(아현동),19941005
한신초등학교,초등학교,도봉구,쌍문동,서울특별시 도봉구 노해로49길 69,(쌍문동/한신초등학교),19690605
한양공업고등학교,고등학교,중구,신당동,서울특별시 중구 을지로 299,(신당동),19450901
한양대학교사범대학부속고등학교,고등학교,성동구,사근동,서울특별시 성동구 마조로 42,(사근동),19600515
한양대학교사범대학부속중학교,중학교,성동구,사근동,서울특별시 성동구 마조로 42,(사근동/한양사대부속중·고등학교),19600118
한양중학교,중학교,중구,신당동,서울특별시 중구 을지로 299,(신당동),19480901
한양초등학교,초등학교,성동구,사근동,서울특별시 성동구 살곶이길 208,/ 한양초등학교 (사근동),19660220
한영고등학교,고등학교,강동구,상일동,서울특별시 강동구 동남로 832,(상일동/ 한영고등학교),19330418
한영외국어고등학교,고등학교,강동구,상일동,서울특별시 강동구 동남로 832,(상일동),19900301
한영중학교,중학교,강동구,상일동,서울특별시 강동구 동남로 832,/ 한영중학교 (상일동),19330418
한울중학교,중학교,금천구,,서울특별시 금천구 독산로50길 60,한울중학교,19711229
한천중학교,중학교,노원구,공릉동,서울특별시 노원구 공릉로 265,(공릉동/ 한천중학교),19911030
항동중학교,중학교,구로구,항동,서울특별시 구로구 연동로 239-2,(항동/ 항동중학교),20200301
해누리중학교,중학교,송파구,가락동,서울특별시 송파구 송파대로37길 95,", 해누리중학교 (가락동)",20190301
해성국제컨벤션고등학교,고등학교,동대문구,전농동,서울특별시 동대문구 전농로20길 31,/ 해성국제컨벤션고등학교 (전농동),19560328
해성여자고등학교,고등학교,동대문구,전농동,서울특별시 동대문구 전농로20길 31,(전농동/해성여자고등학교),20080301
행당중학교,중학교,성동구,행당동,서울특별시 성동구 왕십리로 189,(행당동/행당중학교),19680806
현대고등학교,고등학교,강남구,압구정동,서울특별시 강남구 압구정로 127,"(압구정동, 현대고등학교)",19841217
혜성여자고등학교,고등학교,노원구,하계동,서울특별시 노원구 노원로16길 2,(하계동),19821130
혜원여자고등학교,고등학교,중랑구,망우동,서울특별시 중랑구 봉우재로58길 39,(망우동),19721226
혜원여자중학교,중학교,중랑구,망우동,서울특별시 중랑구 봉우재로58길 39,(망우동/혜원여자중고등학교),19700115
혜화여자고등학교,고등학교,강북구,수유동,서울특별시 강북구 인수봉로 127,(수유동/혜화여자고등학교),19660305
홍은중학교,중학교,서대문구,홍은동,서울특별시 서대문구 연희로41길 94,(홍은동),19840109
홍익대학교사범대학부속고등학교,고등학교,성북구,성북동,서울특별시 성북구 성북로14가길 23,(성북동/홍익대학교부속중고등학교),19540304
홍익대학교사범대학부속여자고등학교,고등학교,마포구,성산동,서울특별시 마포구 성미산로 51,(성산동/ 여자고등학교),19671229
홍익대학교사범대학부속여자중학교,중학교,마포구,성산동,서울특별시 마포구 성미산로 51,(성산동),19671118
홍익대학교사범대학부속중학교,중학교,성북구,성북동,서울특별시 성북구 성북로14가길 23,/ 홍익대학교사범대학부속중학교 (성북동/홍익대학교부속중고등학교),19540412
홍익대학교사범대학부속초등학교,초등학교,마포구,성산동,서울특별시 마포구 성미산로 51,(성산동),19660312
홍익디자인고등학교,고등학교,마포구,연남동,서울특별시 마포구 성미산로 111,(연남동),19920727
화계중학교,중학교,강북구,수유동,서울특별시 강북구 화계사길 63,(수유동),19701010
화곡고등학교,고등학교,강서구,내발산동,서울특별시 강서구 강서로45길 69,/ 화곡고등학교 (내발산동),19780130
화곡보건경영고등학교,고등학교,강서구,내발산동,서울특별시 강서구 강서로45길 70,"(내발산동, 화곡보건경영고등학교)",19870108
화곡중학교,중학교,강서구,내발산동,서울특별시 강서구 강서로45길 70,(내발산동/화곡중학교),19740105
화랑초등학교,초등학교,노원구,공릉동,서울특별시 노원구 화랑로 621,(공릉동/화랑초등학교),19671214
화원중학교,중학교,강서구,화곡동,서울특별시 강서구 강서로17나길 86,(화곡동/화원중학교),19950111
환일고등학교,고등학교,중구,만리동,서울특별시 중구 환일길 47,(만리동2가),19470624
환일중학교,중학교,중구,만리동,서울특별시 중구 환일길 47,(만리동2가),19470624
효문고등학교,고등학교,도봉구,쌍문동,서울특별시 도봉구 우이천로 432,(쌍문동/효문중 고등학교),20051229
효문중학교,중학교,도봉구,쌍문동,서울특별시 도봉구 우이천로 432,(쌍문동/ 효문중 고등학교),20060301
휘경여자고등학교,고등학교,동대문구,휘경동,서울특별시 동대문구 한천로 247,(휘경동/휘경여자고등학교),19750303
휘경여자중학교,중학교,동대문구,휘경동,서울특별시 동대문구 한천로 247,/ 휘경여자중학교 (휘경동),19700131
휘경중학교,중학교,동대문구,휘경동,서울특별시 동대문구 망우로18나길 20,(휘경동/휘경중학교),19691111
휘문고등학교,고등학교,강남구,대치동,서울특별시 강남구 역삼로 541,(대치동),19060501
휘문중학교,중학교,강남구,대치동,서울특별시 강남구 역삼로 541,(대치동),19060501
휘봉고등학교,고등학교,동대문구,휘경동,서울특별시 동대문구 한천로 290,(휘경동),20120106
흑석고등학교,고등학교,동작구,흑석동,서울특별시 동작구 흑석한강로 36,(흑석동),20260301
